HIVDeathRate,GDPLagK,GDPGrowthLag,OPENLag,POLITYLag,POLITYSQLag,InterstateWarLag,BatDeaths1000Lag
.066507876,5.1665406,4.2515073,68.37973,-3,9,0,0
.032780379,5.2479115,1.5749577,69.466408,-3,9,0,0
.064611547,5.2761068,.53726691,70.799767,-3,9,0,0
.15681273,5.5017104,2.7772806,71.607986,-3,9,0,0
.15448417,5.8330026,6.0216236,70.666931,-3,9,0,0
.30437547,6.0481911,3.6891544,71.113075,2,4,0,.5
.29983985,6.2911415,4.0169134,71.880836,2,4,0,.49000001
.29539761,6.2868252,-.068614058,68.103279,2,4,0,.191
.31642827,3.0154126,-4.5223999,64.275162,-7,49,0,5.8829999
.23023377,2.9628832,-1.7420243,67.966026,-7,49,0,5.8829999
.2228858,3.1818421,7.3900523,59.075176,-3,9,0,5.8829999
.1897739,3.0499618,-4.1447701,85.773926,0,0,0,3
.19501697,2.0454452,-32.935383,98.34671,-1,1,0,20
.20876765,2.1423509,4.7376246,130.94572,-1,1,0,20
.19332846,2.4735341,15.458881,127.23766,-2,4,0,0
.21617267,2.5667422,3.7682116,140.56184,-2,4,0,0
.21372199,2.9969201,16.75968,113.71817,-3,9,0,0
.23227619,2.5222268,-15.839375,122.61385,-3,9,0,1
.23929161,3.0589688,21.280479,143.93858,-3,9,0,0
.25754207,2.9014213,-5.1503396,131.88972,-3,9,0,0
.27940589,2.570318,-11.41177,149.9319,-3,9,0,0
.27737144,2.9923432,16.419189,131.67125,-2,4,0,.71499997
.29622164,2.9223506,-2.3390591,131.13315,-2,4,0,0
.30754483,3.1068394,6.3130293,124.1598,-2,4,0,0
.28472981,3.6676474,18.050758,128.72258,-2,4,0,0
.30905637,4.2938738,17.074333,110.18331,-2,4,0,0
.15346433,9.8339462,-6.8985863,19.985844,7,49,0,0
.15133956,9.4457598,-3.9474151,22.747721,7,49,0,0
.11942138,10.109419,7.0259933,24.563334,7,49,0,0
.15710194,10.905662,7.8762507,28.927946,7,49,0,0
.16474955,11.47177,5.1909652,29.39856,7,49,0,0
.15788762,11.912957,3.8458438,33.140327,7,49,0,0
.1843143,11.709228,-1.7101513,34.629143,7,49,0,0
.19614093,12.118012,3.4911408,37.223366,7,49,0,0
.16065609,12.778252,5.4484086,41.782887,7,49,0,0
.18079977,13.132144,2.7694821,43.965866,7,49,0,0
.18972394,12.717348,-3.1586282,41.976471,8,64,0,0
.19852769,12.51849,-1.5636752,42.704197,8,64,0,0
.22846714,12.066741,-3.608649,41.356491,8,64,0,0
.22102274,11.27366,-6.5724592,34.392365,8,64,0,0
.20327573,11.951106,6.0091143,37.068104,8,64,0,0
.2632452,12.647787,5.8294168,41.403225,8,64,0,0
.31174701,13.603168,7.5537491,44.256653,8,64,0,0
.35439926,14.495778,6.5617733,45.52153,8,64,0,0
.66455138,7.7148595,15.012835,65.587364,5,25,0,0
.66463691,8.7346745,13.218853,58.084049,5,25,0,0
.11719826,23.92691,2.1663158,27.4687,10,100,0,0
.28928488,23.209988,-2.9962964,28.84894,10,100,0,0
.28579596,23.074009,-.5858646,30.546831,10,100,0,0
.28301352,23.638577,2.446763,31.399622,10,100,0,0
.28003359,24.327576,2.9147243,32.791069,10,100,0,0
.27667108,25.381157,4.3308091,34.151272,10,100,0,0
.2730599,26.133129,2.9627166,35.242691,10,100,0,0
.10800885,27.019836,3.3930414,37.20256,10,100,0,0
.053444497,28.010096,3.6649337,37.765831,10,100,0,0
.052837368,29.169352,4.1387062,37.060925,10,100,0,0
.052211139,30.181963,3.4714928,39.015316,10,100,0,0
.051511873,30.239929,.1920563,40.041557,10,100,0,0
.050886959,31.03606,2.6327183,38.511215,10,100,0,0
.050262876,31.921644,2.8534029,38.889759,10,100,0,0
.049683515,33.042595,3.5115654,39.755424,10,100,0,0
.049032107,33.652279,1.8451372,41.464214,10,100,0,0
.02415704,34.323391,1.9942595,42.076344,10,100,0,0
.023792529,35.002605,1.9788779,43.390076,10,100,0,0
.25937372,25.200775,4.1459584,63.40456,10,100,0,0
.25644645,26.022577,3.2610221,65.434967,10,100,0,0
.25698617,26.569143,2.1003478,65.679939,10,100,0,0
.25224668,26.821407,.94946289,65.313354,10,100,0,0
.12612334,26.615637,-.76718873,62.823162,10,100,0,0
.12573765,27.09132,1.787235,66.223846,10,100,0,0
.12554981,27.609678,1.9133713,68.77858,10,100,0,0
.058931686,6.0808868,30.425135,111.25999,-7,49,0,.082999997
.058435936,8.1590166,34.174778,100.67213,-7,49,0,0
.10313164,23.506744,6.1679378,89.725342,,,0,0
.16766997,21.370632,-5.2833915,91.41098,,,0,0
.44284225,19.47217,-4.6454439,95.172737,,,0,0
.46928626,19.800247,1.6848607,95.023331,,,0,0
.4869706,20.837753,5.2398567,91.618744,,,0,0
.53522247,24.475403,-.47811025,101.19653,,,0,0
.20621002,25.085026,1.9468231,106.81528,,,0,0
.2036998,26.041513,3.8129885,114.81901,,,0,0
.20132449,27.344341,5.0028877,121.84244,,,0,0
.29769665,19.002602,3.0072758,121.76261,,,0,0
.29616991,20.339548,7.035594,127.97741,,,0,0
.58683169,21.556221,4.3079948,126.07067,,,0,0
.58429712,23.138716,7.3412447,118.04005,,,0,0
.58186156,23.064032,-.32276347,116.33183,,,0,0
.2835024,24.719688,3.9006608,120.29185,,,0,0
.098425195,8.3391533,-11.155293,102.49725,0,0,0,0
.099314727,9.8897314,15.604121,123.86536,-7,49,0,0
.24987507,11.243549,7.4957428,107.78049,-7,49,0,0
.25074571,12.188082,8.4006605,112.6278,-7,49,0,0
.50638199,14.610029,7.230648,117.13278,-7,49,0,0
.50893331,15.501163,6.0994711,122.49058,-7,49,0,0
.51147801,16.665342,7.5102601,133.42506,-7,49,0,0
.51374263,18.786848,12.730047,116.61626,-7,49,0,0
.56689346,20.17676,7.3983312,125.25092,-7,49,0,0
.20065413,23.761177,3.6211455,123.39085,10,100,0,0
.49977511,24.558912,3.3572953,124.59206,10,100,0,0
.49776009,24.806204,1.006929,126.70756,10,100,0,0
.24790521,25.089447,1.1418314,129.61569,10,100,0,0
.24714303,24.700428,-1.5505283,130.63281,10,100,0,0
.24662615,25.432047,2.9619656,136.26697,10,100,0,0
.24555545,26.372559,1.4404966,140.97662,10,100,0,0
.098010384,27.307289,3.5443277,143.52325,10,100,0,0
.048894975,27.828407,1.9083526,149.56873,10,100,0,0
.048770972,28.672091,3.0317295,151.67627,10,100,0,0
.048605032,29.692461,3.5587568,158.56842,10,100,0,0
.048388656,29.743305,.17123991,158.90842,10,100,0,0
.048187755,30.027258,.95467603,158.25865,10,100,0,0
.047979485,30.248993,.73844182,161.45024,10,100,0,0
.047716074,31.070299,2.7151558,167.14262,10,100,0,0
.047402535,31.750132,2.1880465,169.57141,10,100,0,0
.047055725,32.844227,3.4459577,168.03593,10,100,0,0
.21739131,7.4322443,-2.6491158,92.29216,,,0,0
.19966058,7.335475,-1.3020173,102.54294,,,0,0
.39176512,7.214715,-1.6462494,109.87121,,,0,0
.38125739,7.3570895,1.973392,125.0242,,,0,0
.37014419,7.9099708,7.5149436,129.77477,,,0,0
.89779502,8.0428171,1.6794823,126.42936,,,0,0
.86991322,8.6142521,7.1049051,120.9147,,,0,0
.84251678,8.8145485,2.3251836,122.98092,,,0,0
.32638142,9.1937943,4.3024945,112.12592,,,0,0
.32002047,9.1174812,-.83005029,120.21697,,,0,0
.31329235,9.6550589,5.8961205,123.25622,,,0,0
.19307747,1.2182673,-1.417456,30.052708,-7,49,0,0
.1862046,1.251556,2.7324572,36.191948,0,0,0,0
.29895875,1.2626469,.88617247,42.677525,6,36,0,0
.17279042,1.2558417,-.5389694,49.875629,6,36,0,0
.1190418,1.2580518,.17598356,52.360664,6,36,0,0
.2013344,1.1542614,-8.2500849,51.062077,6,36,0,0
.1560078,1.2389559,7.3375435,47.36652,6,36,0,0
.16512147,1.2677914,2.327404,41.617428,6,36,0,0
.19596487,1.290772,1.8126521,43.791161,6,36,0,0
.21949729,1.3023928,.90029877,46.42065,6,36,0,0
.25544459,1.3162673,1.0653054,51.28907,6,36,0,0
.29902804,1.3360382,1.502049,51.908215,6,36,0,0
.32942843,1.3682569,2.4115121,50.93259,6,36,0,0
.35748544,1.3897266,1.569133,50.235508,6,36,0,0
.36478171,1.4015303,.84934407,51.428261,6,36,0,0
.33522415,1.3901222,-.81397599,48.103077,6,36,0,0
.30442598,1.3802381,-.71102542,50.11998,6,36,0,0
.30469558,1.3881592,.57389969,47.766827,7,49,0,0
.13365956,3.1134045,3.1366172,51.507442,9,81,0,0
.13075964,3.1804843,2.1545491,53.771717,9,81,0,0
.25064042,3.2658918,1.2480386,56.026775,9,81,0,0
.57727814,3.3769903,.93185222,53.925133,9,81,0,0
.56591517,3.3650596,-.35329008,57.901543,9,81,0,0
.27749887,3.4205937,1.6503189,59.444134,8,64,0,0
.27227139,3.5218627,2.9605684,62.963467,8,64,0,0
.26726973,3.5765779,1.5535859,67.641945,8,64,0,0
.26267299,3.6938856,3.2798824,69.642616,8,64,0,0
.15562931,5.834753,16.460585,110.94711,7,49,0,0
.10448058,6.1145511,4.7953739,106.10342,7,49,0,0
.10176,6.4621429,5.68467,102.9501,7,49,0,0
.11195984,6.6344352,2.6661716,91.022736,7,49,0,0
.12346907,6.4011731,-3.5159214,81.447845,7,49,0,0
.14113757,6.4060168,.075661376,85.614044,7,49,0,0
.16027229,6.333909,-1.1256238,87.350731,7,49,0,0
.18728,6.422183,1.393674,88.612801,7,49,0,0
.2200121,6.8028684,5.9276571,92.599548,8,64,0,0
.27025807,6.8545613,.75987494,100.89056,8,64,0,0
.30557606,6.5822802,-3.9722621,93.183731,8,64,0,0
.3443431,7.2193174,9.6780605,98.841415,8,64,0,0
.38702285,7.561533,4.740284,94.177292,8,64,0,0
.38713211,7.4127288,-1.9679121,86.30867,8,64,0,0
.28197446,7.6067305,2.6171391,79.450226,8,64,0,0
.26249674,7.9846025,4.9675994,71.943474,8,64,0,0
.13730982,8.5576706,7.177166,77.604553,8,64,0,0
.24462812,8.833746,3.2260592,74.34446,8,64,0,0
.13543196,8.0772734,-.95991403,12.529188,8,64,0,0
.15295455,7.8112402,-3.2935984,13.394583,8,64,0,0
.14246297,7.7205768,-1.1606848,13.606958,8,64,0,0
.15305105,7.5703402,-1.9459188,15.144477,8,64,0,0
.14656863,7.7622266,2.5347075,17.208937,8,64,0,0
.15468863,8.02777,3.4209754,18.311274,8,64,0,0
.16252914,8.1690426,1.7597986,20.331656,8,64,0,0
.10006046,8.1959906,.32987764,20.567415,8,64,0,0
.10842571,8.309391,1.3836038,22.59609,8,64,0,0
.091286041,8.2012815,-1.3010465,22.986301,8,64,0,0
.10526682,8.1825886,-.22792728,21.220381,8,64,0,0
.088661619,8.390851,2.545187,22.772377,8,64,0,0
.10228023,8.3974733,.078925192,23.66729,8,64,0,0
.088014983,8.5281677,1.5563512,22.430155,8,64,0,0
.079572745,8.4901562,-.44571927,23.284885,8,64,0,0
.085639,8.8272057,3.9698894,25.268436,8,64,0,0
.10563957,9.0002995,1.9609144,26.648361,8,64,0,0
.13047928,9.2799301,3.1068959,25.737972,8,64,0,0
.21951042,.95660007,-2.477411,48.426308,-7,49,0,0
.25929326,.92608905,-3.1895251,59.153717,-7,49,0,0
.31301069,.977584,5.5604739,54.309002,-5,25,0,0
.34979329,.94517511,-3.3152032,51.134243,-5,25,0,0
.37865981,.94690663,.18319635,54.085777,-5,25,0,0
.40025067,.94795293,.11049777,37.536346,-5,25,0,0
.39832011,.95937979,1.2054253,41.180786,-5,25,0,0
.3907688,1.0202055,6.340107,38.584019,-5,25,0,0
.37866679,1.0352901,1.4785906,37.72617,-4,16,0,0
.38422719,1.0833441,4.6415944,43.782024,-4,16,0,0
.3887507,1.1134931,2.7829411,37.677654,-4,16,0,0
.38834804,1.1209881,.673118,36.598511,-3,9,0,0
.39482003,1.1886408,6.0351028,30.177526,0,0,0,0
.40232334,1.2172838,2.409723,29.601479,0,0,0,0
.41130626,1.227859,.86875284,30.091778,0,0,0,0
.40529042,1.2706614,3.4859343,33.56871,0,0,0,0
.36870965,1.290773,1.5827733,33.946838,0,0,0,0
.38910687,1.3432945,4.0689974,35.103275,0,0,0,0
.22735368,.95020401,-3.5086236,30.387245,-7,49,0,0
.19911894,.96877629,1.9545565,34.742653,-7,49,0,0
.16811693,.9889006,2.0772901,38.833015,-7,49,0,0
.16504875,.99053991,.16577612,33.181358,-3,9,0,0
.18649213,.920398,-7.0811782,39.861217,0,0,0,0
.22797114,.92570901,.57702625,33.38649,0,0,0,0
.27554527,.80516881,-13.02139,39.98048,0,0,0,0
.33358628,.72186643,-10.345949,21.821554,-5,25,0,0
.42305422,.74373281,3.0291381,23.825108,-5,25,0,0
.48491168,.76175398,2.423069,26.67432,-1,1,0,0
.55251414,.72801793,-4.4287252,23.138222,-1,1,0,.60000002
.58486283,.70636833,-2.9737747,28.426167,-1,1,0,1
.6649757,.71216446,.82055432,27.978176,0,0,0,1
.70915323,.70619154,-.83870566,29.268084,2,4,0,1
.7117064,.67917341,-3.8258932,33.372475,3,9,0,.93800002
.68924934,.68306744,.5733512,33.820606,5,25,0,.377
.66738021,.65123469,-4.6602654,45.087578,6,36,0,.28400001
.64736992,.63150424,-3.0296965,62.983849,6,36,0,.13699999
.14731203,1.3172584,.42944539,10.625702,0,0,0,1
.14386997,1.2738994,-3.2916012,10.353595,1,1,0,1
.1524241,1.3040472,2.3665729,16.5495,1,1,0,.075000003
.21736796,1.3590931,4.2211556,16.717056,1,1,0,0
.29352984,1.4775152,8.7133226,35.523228,1,1,0,.2
.38760966,1.485075,.5116483,49.906574,1,1,0,.025
.341883,1.4270643,-3.906239,73.223419,1,1,0,.025
.36875489,1.4586577,2.2138767,65.127014,1,1,0,.025
.40770775,1.5011492,2.9130485,72.246597,-7,49,0,.050000001
.4621847,1.5773853,5.0785122,66.089127,2,4,0,.025
.63578045,1.6850907,6.8281035,85.866531,2,4,0,0
.71665311,1.7639029,4.6770363,102.1228,2,4,0,0
.75421852,1.8510123,4.9384389,107.79285,2,4,0,0
.86488104,1.9899079,7.5037584,112.51031,2,4,0,0
.79510736,2.0914888,5.104815,117.84149,2,4,0,0
.71656305,2.2926097,9.6161556,130.65758,2,4,0,0
.78265941,2.5128677,9.6073065,136.97119,2,4,0,0
.59704876,2.691246,7.0986009,147.71004,2,4,0,0
.10213329,3.0241077,-2.9556482,25.9111,-8,64,0,0
.10378184,2.7102084,-10.379895,30.562767,-8,64,0,0
.10412725,2.5284586,-6.7061181,26.088091,-8,64,0,0
.10984377,2.454962,-2.906781,25.563292,-4,16,0,0
.11840507,2.3810914,-3.0090339,23.786654,-4,16,0,0
.12864268,2.2391346,-5.9618378,30.042738,-4,16,0,0
.14128825,2.2362864,-.12719889,33.681072,-4,16,0,0
.1720888,2.2759714,1.774598,42.573421,-4,16,1,0
.20586827,2.3326995,2.4924777,43.758507,-4,16,0,0
.24988267,2.3796585,2.0130801,44.817383,-4,16,0,0
.28473568,2.4185197,1.6330578,43.024254,-4,16,0,0
.29761705,2.4478421,1.2124062,42.626736,-4,16,0,0
.36696678,2.4404814,-.30069649,44.506348,-4,16,0,0
.40202966,2.5030324,2.563062,40.358662,-4,16,0,0
.43863368,2.5581045,2.2002139,39.217171,-4,16,0,0
.4474794,2.5734479,.59980071,42.1348,-4,16,0,0
.45498595,2.5794508,.23325899,41.775661,-4,16,0,0
.41262299,2.6107624,1.2138798,41.083385,-4,16,0,0
.28786299,25.999611,1.3354958,48.137299,10,100,0,0
.35496637,25.534321,-1.7896069,49.940132,10,100,0,0
.42076331,24.602018,-3.651175,52.388596,10,100,0,0
.45086586,24.488878,-.4598749,54.978004,10,100,0,0
.49807796,24.824987,1.3724973,58.376923,10,100,0,0
.52803707,25.877298,4.2389169,61.095215,10,100,0,0
.26961535,26.371813,1.9109981,63.499603,10,100,0,0
.16673781,26.544111,.65334028,65.743279,10,100,0,0
.16530074,27.771687,4.6246691,68.989937,10,100,0,0
.10929248,28.657665,3.1902199,71.151543,10,100,0,0
.021666335,30.082901,4.9733071,73.448967,10,100,0,0
.021448709,31.470579,4.6128516,75.483833,10,100,0,0
.021257149,31.562197,.29112324,71.753685,10,100,0,0
.021046428,32.210011,2.0524986,70.72036,10,100,0,0
.02083659,32.712624,1.560419,69.404396,10,100,0,0
.02063217,33.629814,2.8037803,71.265015,10,100,0,0
.020419206,34.590485,2.8566113,71.918823,10,100,0,0
.037906356,35.332413,2.1448965,71.73513,10,100,0,0
.18469366,1.0952702,-.70854801,45.087723,-7,49,0,0
.13488945,1.0392864,-5.1114116,44.932835,-7,49,0,0
.14692716,1.0041018,-3.3854625,47.025467,-6,36,0,0
.14888823,.9518441,-5.2044182,48.494717,-6,36,0,0
.16613491,.91080034,-4.3120294,51.638119,5,25,0,0
.18338041,.90590966,-.53696048,45.919231,5,25,0,0
.2041122,.92856151,2.5004492,48.060131,5,25,0,0
.22829358,.86175996,-7.1940913,44.116272,5,25,0,.055
.26062819,.89013994,3.2932615,48.889931,5,25,0,.141
.28948122,.90217859,1.3524466,46.22084,5,25,0,0
.31543452,.91384792,1.2934597,40.941277,5,25,0,0
.34960243,.91835994,.49373472,42.549484,5,25,0,0
.37524295,.91947705,.12164638,36.838413,5,25,0,0
.38489276,.89610046,-2.542381,37.291653,5,25,0,0
.4168359,.83399016,-6.9311714,32.508289,-1,1,0,0
.44734147,.83093297,-.36657417,32.378845,-1,1,0,0
.44662333,.82726675,-.44122139,33.49641,-1,1,0,0
.40199608,.84516668,2.1637444,34.57061,-1,1,0,.045000002
.23369113,1.6032003,1.3053584,45.658585,-7,49,0,.80000001
.17616326,1.5106953,-5.7700243,45.543495,-7,49,0,5.8000002
.15370093,1.5801525,4.5976958,45.810387,-5,25,0,.2
.15964228,1.6341339,3.4162152,45.62228,-4,16,0,0
.16137488,1.6173704,-1.0258366,45.205002,-4,16,0,0
.17479354,1.6183491,.060519803,46.627663,-4,16,0,0
.18833873,1.6320237,.8449645,47.054302,-4,16,0,0
.20658191,1.4220752,-12.864305,49.296329,-2,4,0,0
.21844329,1.441933,1.396397,54.893833,-2,4,0,.1
.24086507,1.5252551,5.7785077,55.454308,-2,4,0,.11
.26131237,1.5055293,-1.2932812,49.45805,-2,4,0,.064999998
.2879965,1.4445922,-4.0475521,55.684792,-2,4,0,.55299997
.31018823,1.4072413,-2.5855658,64.267876,-2,4,0,.1
.33204222,1.4105272,.23349719,79.738884,-2,4,0,.41800001
.33978179,1.6186661,14.756096,72.271606,-2,4,0,0
.33793649,2.335427,44.280968,78.866852,-2,4,0,0
.38211039,2.42033,3.6354439,80.956619,-2,4,0,.1
.37162155,2.4344771,.58450848,79.918839,-2,4,0,1.4
.073171787,9.1511812,5.9166875,48.612999,8,64,0,0
.14123653,10.662925,5.4334784,50.635429,8,64,0,0
.1686036,13.003955,6.3873377,57.424885,8,64,0,0
.21129571,14.679687,2.5877566,64.448013,9,81,0,0
.20897293,14.831249,1.032462,64.257133,9,81,0,0
.20673354,15.25444,2.853379,66.570839,9,81,0,0
.24547251,16.129314,5.7352028,71.871208,9,81,0,0
.22313267,16.965691,5.1854568,74.138596,9,81,0,0
.22095545,17.572868,3.5788476,76.352684,10,100,0,0
.10628576,3.6132004,7.4974971,30.388704,-7,49,0,0
.070190266,3.8543196,6.6732836,29.683182,-7,49,0,0
.095038585,4.1028843,6.4489841,32.890385,-7,49,0,0
.11793844,4.4140587,7.5842819,38.707577,-7,49,0,0
.132771,4.7206368,6.9454966,39.608154,-7,49,0,0
.17851599,5.0751367,7.5095849,47.017662,-7,49,0,0
.20830801,5.4705877,7.791923,54.480957,-7,49,0,0
.23778112,5.9319286,8.4331207,62.649811,-7,49,0,0
.25934005,6.4829922,9.2897787,67.245903,-7,49,0,0
.29583338,7.1329265,10.02522,73.10537,-7,49,0,0
.15082046,5.9077554,1.2812465,23.820015,8,64,0,.69199997
.14779781,6.0285826,2.0452306,26.009109,8,64,0,1.069
.14492753,6.0316086,.050192248,27.720825,9,81,0,1.12
.14217874,6.1760302,2.3944149,31.383955,9,81,0,1.471
.10233225,6.3349204,2.5726924,35.229954,9,81,0,1.112
.13701259,6.5010667,2.6227043,36.765369,9,81,0,1.044
.14113663,6.7048998,3.1353805,36.922417,7,49,0,.93699998
.17159903,6.7775712,1.0838504,37.873657,7,49,0,1.092
.17126843,6.8934507,1.7097491,38.327084,7,49,0,1.15
.20423794,6.8371162,-.81721544,38.432102,7,49,0,1.4119999
.2362937,6.5602188,-4.0499129,35.565514,7,49,0,1.326
.28679505,6.6202221,.91465622,36.719784,7,49,0,1.469
.27177438,6.6145873,-.08511804,37.708065,7,49,0,1.4630001
.31170574,6.6110177,-.053969722,36.350803,7,49,0,2.5039999
.31910366,6.7304664,1.8068136,36.957996,7,49,0,2.576
.37305602,6.9385867,3.0922148,40.389935,7,49,0,3.1140001
.34147498,7.1267524,2.7118771,43.839428,7,49,0,2.9189999
.3713218,7.4386196,4.3760066,47.35664,7,49,0,2.957
.12953293,4.4160218,3.1359739,98.27951,-8,64,0,0
.15485039,4.3614411,-1.2359824,102.76489,-8,64,0,0
.18844491,3.8272572,-12.247874,100.12832,-1,1,0,0
.22735283,3.7942379,-.86273432,97.594749,5,25,0,0
.27622336,3.4734507,-8.4545908,111.81913,5,25,0,0
.32715142,3.1771784,-8.5296192,113.37915,5,25,0,0
.37913835,3.7516761,18.082005,106.6097,5,25,0,0
.4262028,3.7383394,-.35548601,112.63209,5,25,0,0
.47773132,3.7193599,-.50770015,127.87811,-6,36,0,7
.51017493,3.8788922,4.2892404,127.84933,-6,36,0,0
.54978019,3.8074644,-1.841445,120.28055,-6,36,0,.60000002
.57420701,3.8345177,.71053231,118.62498,-6,36,0,0
.58690423,3.6581588,-4.599247,116.77567,-5,25,0,0
.59443617,3.6855149,.74780786,113.4292,-4,16,0,.116
.58843827,3.496846,-5.1191964,110.51299,-4,16,0,0
.54655248,3.5560076,1.6918554,126.61111,-4,16,0,0
.53457916,3.6826477,3.5612979,136.53969,-4,16,0,0
.4854506,3.5572112,-3.4061482,162.90961,-4,16,0,0
.13021617,9.0431719,5.7278886,96.624397,10,100,0,0
.12726542,9.4546404,4.5500536,99.612961,10,100,0,0
.081361465,9.5433741,.8500917,89.739487,10,100,0,0
.15962818,9.6718283,1.3459997,91.835861,10,100,0,0
.078375362,10.023275,3.6337197,92.42392,10,100,0,0
.15406321,10.281409,2.5753498,96.295639,10,100,0,0
.11366814,10.693884,4.011847,102.64733,10,100,0,0
.11205254,11.394313,6.5498037,103.84728,10,100,0,0
.11736853,3.0775378,12.301805,60.495853,-9,81,0,0
.12687939,2.8906658,-6.0721245,63.445679,-7,49,0,0
.13610935,2.7087407,-6.2935386,62.302052,-7,49,0,0
.1481521,2.6580281,-1.8721865,62.203457,-7,49,0,0
.1585996,2.5089602,-5.608211,59.002007,-7,49,0,0
.18408135,2.4153073,-3.7327366,63.832325,-6,36,0,0
.20917235,2.4871058,2.9726493,68.126884,-6,36,0,0
.24257152,2.6492059,6.5176077,79.971634,-6,36,0,0
.27922374,2.697387,1.8187052,83.248367,-6,36,0,0
.32283348,2.7480946,1.8798789,82.685928,-6,36,0,0
.37240517,2.8076038,2.1654727,83.611778,-1,1,0,0
.41223684,2.7606113,-1.6737567,76.823715,4,16,0,0
.46607903,2.5570042,-7.3754425,73.115051,4,16,0,0
.51413625,2.4820106,-2.9328721,86.892021,0,0,0,.611
.55812788,2.4581428,-.96162802,84.546219,0,0,0,.60000002
.56147164,2.3996758,-2.3785033,90.741928,0,0,0,.054000001
.56645966,2.3159578,-3.4887149,98.092995,0,0,0,0
.50567967,2.2325666,-3.6007268,97.286674,0,0,0,0
.18069455,6.8490686,-.5029062,29.652676,-7,49,0,0
.18006532,6.9613957,1.640026,27.038315,-7,49,0,0
.17949994,7.2371283,3.9608881,30.809408,-7,49,0,0
.17898898,7.635612,5.5060987,27.897814,-7,49,0,0
.17852999,7.8861909,3.2817144,25.904596,-7,49,0,0
.17813709,8.0428848,1.9869438,23.883442,-7,49,0,0
.17783041,8.4161081,4.6404157,24.783792,-7,49,0,0
.17762139,8.6166649,2.383008,27.949972,-7,49,0,0
.08875712,9.008935,4.5524526,36.361511,-7,49,0,0
.088833503,10.297232,14.300214,34.939522,-7,49,0,0
.38910505,23.661118,.9365235,59.925678,10,100,0,0
.38804811,23.938608,1.1727753,61.936306,10,100,0,0
.3868472,24.121899,.76566714,64.561203,10,100,0,0
.38543072,24.515175,1.6303799,63.518291,10,100,0,0
.38008362,26.564205,3.4344869,67.165665,10,100,0,0
.18924269,27.12739,2.1200876,67.900848,10,100,0,0
.43122554,4.752275,-.11149523,193.40988,-8,64,0,0
.33763596,3.7991655,-20.055855,230.18849,-8,64,0,.2
.20788464,3.618731,-4.74932,153.51715,-7,49,0,.49000001
.14881782,3.9774342,9.9124022,179.08347,-7,49,0,.025
.2136225,3.2813423,-17.501026,142.47141,-7,49,0,.025
.1639424,3.885664,18.416903,118.32709,-7,49,0,0
.32766202,3.6795495,-5.3044829,113.17075,-6,36,0,0
.28003559,3.5957868,-2.2764392,135.57365,-6,36,0,0
.25172037,3.5781159,-.49143451,143.00667,-6,36,0,0
.43166032,5.0081296,.26414204,79.128601,2,4,0,0
.42290407,5.0576572,.98895621,76.862831,2,4,0,0
.41527718,4.9054084,-3.0102711,79.022858,2,4,0,0
.40815222,4.7838583,-2.477874,88.13369,2,4,0,0
.40111694,4.6653566,-2.4771152,93.434944,2,4,0,0
.39410812,4.7599778,2.028168,91.553749,2,4,0,0
.42598099,4.4005785,-7.5504436,107.99692,2,4,0,0
.11423643,5.0469608,3.0896254,58.39798,6,36,0,0
.19211105,4.7960882,-4.9707651,60.496349,6,36,0,0
.14660332,4.7687569,-.56987828,60.866482,6,36,0,0
.15537782,5.240006,9.8820143,62.995495,6,36,0,0
.17331412,5.5466118,5.8512535,63.187031,6,36,0,0
.20798539,5.6400595,1.6847676,65.994225,5,25,0,0
.22626752,5.7664442,2.2408404,67.659225,5,25,0,0
.26859507,6.0589867,5.0731926,66.628853,8,64,0,0
.30945224,6.4939041,7.1780562,70.853607,8,64,0,0
.34892097,6.9820385,7.5168076,73.850784,8,64,0,0
.38707939,7.2715402,4.1463714,71.898766,8,64,0,0
.41535014,7.5589328,3.9522955,73.844131,8,64,0,0
.47040138,7.6005011,.549923,68.555138,8,64,0,0
.49020898,7.9135942,4.1193719,65.961617,8,64,0,0
.51671541,7.496038,-5.2764397,66.923256,8,64,0,0
.48960495,7.4934306,-.034782927,68.880302,8,64,0,0
.43494141,8.1592646,8.88556,65.534668,8,64,0,0
.38324469,8.9680767,9.912816,61.519852,8,64,0,0
.19470625,4.9508786,-2.386585,41.018063,9,81,0,0
.19037355,4.882977,-1.3715,41.5546,9,81,0,0
.21936764,5.192059,1.8949581,50.370705,9,81,0,0
.21558622,5.1841617,-.15210712,54.065063,9,81,1,0
.21211578,5.1391277,-.86868149,51.300945,9,81,0,0
.41188893,5.2204051,-.26559323,54.045334,9,81,0,0
.27088061,4.8208671,-7.6533952,51.431545,9,81,0,0
.26739347,4.8939052,1.5150436,52.705265,6,36,0,0
.26411256,5.0522461,3.2354734,55.376842,6,36,0,0
.31320965,5.1970806,2.8667314,57.085056,6,36,0,0
.33546579,5.287406,1.7379956,56.466572,6,36,0,0
.33177671,5.5465202,4.9005942,59.69878,6,36,0,0
.35348192,5.7559342,3.7756007,62.662388,6,36,0,0
.34983608,5.8818307,2.1872401,65.560188,7,49,0,0
.19568796,4.099865,1.0494555,29.994041,6,36,0,6.8000002
.19221033,4.0199971,-1.9480538,33.797176,6,36,0,2
.094289958,4.1064272,2.1500089,33.623791,7,49,0,.5
.18487452,4.3463712,5.8431258,35.386765,7,49,0,0
.12078688,4.5598307,4.9112167,41.105949,7,49,0,0
.22195245,4.7687125,4.5809045,43.557766,7,49,0,0
.17403139,5.0268364,5.4128685,48.185921,7,49,0,0
.14216755,4.9532185,-1.4645056,47.318436,7,49,0,0
.23903333,5.0314755,1.5799365,55.415516,7,49,0,0
.23464547,5.135601,2.0694771,57.481441,7,49,0,0
.23059045,5.1821284,.90598214,58.343746,7,49,0,0
.23822573,5.1917911,.18645883,65.938316,7,49,0,0
.27376145,5.2176743,.49853683,66.044991,7,49,0,0
.30841893,5.2096977,-.15286933,66.977692,7,49,0,0
.34215286,5.2278752,.34891054,68.627678,7,49,0,0
.31866926,5.2182331,-.18443471,70.734215,7,49,0,0
.27727172,5.2880359,1.3376622,71.717415,7,49,0,0
.31007668,5.4167619,2.4342945,74.522522,7,49,0,0
.29437566,1.5352262,-5.1251974,32.628876,-7,49,0,0
.24020283,1.4023937,-8.6523066,36.256573,-7,49,0,0
.18778495,1.4805769,5.5749841,36.860249,-7,49,0,0
.28934428,1.5577024,5.2091494,40.838917,-7,49,0,0
.24378882,1.5879002,1.9386082,44.22934,-5,25,0,0
.33974051,5.9419007,17.51107,135.59062,-5,25,0,0
.31660816,,,,,,0,0
.15721734,,,,,,0,0
.15705787,,,,,,0,0
.12579034,.51155722,,60.509808,,,0,0
.19618523,.6085875,18.967636,99.22332,-6,36,0,0
.17289211,.70945215,16.573557,107.07429,-6,36,0,0
.27836943,.70651782,-.41360947,99.997452,-6,36,0,0
.27213052,.70620716,-.043963898,115.11098,-6,36,0,0
.24245089,.71147293,.7456302,117.98747,-6,36,0,.048
.28148848,.75400412,5.9779229,90.503281,-6,36,1,10
.3166593,.76781112,1.8311481,73.570335,-6,36,1,30.239
.36955461,.66802037,-12.996781,67.133705,-6,36,1,10
.39589202,.66732264,-.10444845,75.446274,-7,49,0,0
.43905371,.63406873,-4.9831853,84.553345,-7,49,0,0
.4593977,.61905009,-2.3686073,108.26671,-7,49,0,.057
.4418208,.58954298,-4.7665234,99.548775,-7,49,0,0
.39345878,.60333961,2.3402243,62.147881,-7,49,0,0
.4130719,.59853232,-.79677385,47.405205,-7,49,0,0
.092003688,11.090729,6.5943766,149.04567,9,81,0,0
.067164935,12.113195,9.2191172,142.52881,9,81,0,0
.06177422,13.173105,8.7500496,143.99693,9,81,0,0
.11429029,14.231622,8.0354309,155.62991,9,81,0,0
.28626865,15.798975,11.013174,166.93152,9,81,0,0
.28666875,17.214552,8.9599361,174.039,9,81,0,0
.11008006,.7997148,-7.314332,39.40654,-8,64,0,1
.11167968,.85994762,7.5317926,27.948978,-8,64,0,1
.1220478,.82234144,-4.3730812,31.223804,0,0,0,1
.13878852,.7209385,-12.331002,29.470335,0,0,0,0
.15733947,.78924507,9.4746704,31.826647,1,1,0,0
.18405631,.77069187,-2.3507469,28.437754,1,1,0,0
.21940726,.79102725,2.638582,28.76988,1,1,0,0
.26611227,.87812454,11.01066,27.513187,1,1,0,0
.30992734,.91072118,3.7120793,30.842716,1,1,0,0
.35102013,.84517694,-7.1969624,33.910908,1,1,0,0
.40527466,.88071907,4.2052875,36.168293,1,1,0,0
.43066323,.89160973,1.2365696,37.978313,1,1,0,0
.47475579,.9062804,1.645408,36.200314,1,1,0,0
.50272423,.87210447,-3.7710054,40.266079,1,1,0,0
.5028913,.81879514,-6.1127276,45.038116,1,1,0,0
.50676757,.89128602,8.8533592,50.037762,1,1,0,0
.45055223,.96318531,8.0669193,52.408939,1,1,0,0
.40341404,1.0419919,8.1818752,53.455833,1,1,0,0
.17625804,23.168554,3.3620865,31.98135,9,81,0,0
.19305865,23.657619,2.1108935,32.711277,9,81,0,0
.13102199,23.661432,.016120875,34.010288,9,81,0,0
.16530508,23.739208,.32870743,34.971119,9,81,0,0
.20811221,23.195959,-2.2884109,35.092739,9,81,0,0
.16711615,23.692629,2.1411915,37.036137,9,81,0,0
.12063558,24.131399,1.8519276,39.012207,9,81,0,0
.057265896,24.202738,.29562739,39.868919,9,81,0,0
.057079583,24.611097,1.6872433,43.123039,9,81,0,0
.028430484,25.522959,3.7050879,45.416454,9,81,0,0
.0565974,26.326174,3.1470232,46.249706,9,81,0,0
.042235143,27.310703,3.7397408,50.353851,9,81,0,0
.041947294,27.644323,1.2215731,50.652287,9,81,0,0
.041559409,27.690598,.16738825,51.123405,9,81,0,0
.045438666,27.821878,.47410023,50.590397,9,81,0,0
.049282935,28.412083,2.1213641,51.95068,9,81,0,0
.057047319,28.779308,1.2925013,52.984276,9,81,0,0
.064822383,29.237953,1.5936642,55.029373,9,81,0,0
.12104978,10.008556,25.983061,86.547676,-9,81,0,0
.088133425,10.327369,3.1853938,87.689232,-6,36,0,0
.13697833,10.356276,.27990758,86.195526,-4,16,0,0
.19439405,10.054514,1.1781825,95.065025,-4,16,0,0
.15783067,9.9921741,-.620013,90.676056,-4,16,0,0
.22001597,9.9601908,-1.97769,93.877808,-4,16,0,0
.19172305,9.8187933,-1.4196298,99.344139,-4,16,0,0
.22443549,9.6583519,-1.6340215,98.689102,-4,16,0,0
.23938435,9.4257174,-2.4086266,87.838387,-4,16,0,0
.26667818,8.504406,-9.7744474,106.615,-4,16,0,0
.28090465,8.176527,-3.8554077,95.192276,-4,16,0,0
.31208137,8.2867365,1.3478806,91.152992,-4,16,0,0
.30692029,8.5593729,3.2900355,86.676193,-4,16,0,0
.27117214,8.0739994,-5.670671,101.17908,-4,16,0,0
.30515251,7.8970008,-2.1921997,98.29789,-4,16,0,0
.29306558,7.746769,-1.9023967,94.376724,-4,16,0,0
.16041644,1.2240438,1.6111915,82.231865,-6,36,0,0
.11056901,1.2479277,1.9512113,75.010063,-5,25,0,0
.18686071,1.1995035,-3.8803518,80.172668,-5,25,0,0
.37605712,1.2525336,-2.8433504,80.497299,-5,25,0,0
.36452317,1.2143366,-3.0495775,95.610924,-5,25,0,0
.35370544,1.2813168,5.5157843,104.79813,-5,25,0,0
.34356561,1.3384941,4.4623775,123.35306,-5,25,0,0
.33406207,1.386219,3.5655706,111.46876,-5,25,0,0
.2517845,23.58075,3.2773371,38.552155,10,100,0,0
.12497813,24.599266,4.3192663,40.658772,10,100,0,0
.13643581,25.620634,4.1520362,42.971134,10,100,0,0
.16018532,25.970331,1.3648994,42.509674,10,100,0,0
.18401295,25.529072,-1.6990879,40.917522,10,100,0,0
.20822616,26.131981,2.3616481,43.072987,10,100,0,0
.13429046,26.536976,1.5498115,45.013382,10,100,0,0
.060922857,26.627359,.34059408,46.885693,10,100,0,0
.060940683,27.047091,1.5763124,50.678928,10,100,0,0
.060910985,27.626503,2.1422443,53.89426,10,100,0,0
.024327941,28.201145,2.0800283,56.575432,10,100,0,0
.024291595,29.05139,3.014935,61.342766,10,100,0,0
.024240073,29.258526,.71299523,63.305809,10,100,0,0
.060575955,29.050364,-.71145558,64.76709,10,100,0,0
.060594123,29.001617,-.16779828,67.295441,10,100,0,0
.060628548,29.314283,1.078094,72.352295,10,100,0,0
.060696959,29.547739,.79639322,76.745522,10,100,0,0
.060776707,30.496422,3.2106788,83.210098,10,100,0,0
.062389657,1.258502,.10421348,58.882469,-7,49,0,0
.084245317,1.2784125,.8006776,63.467609,-1,1,0,0
.052974645,1.2587135,-1.5408977,73.102875,-1,1,0,0
.068330243,1.2279776,-2.4418449,74.034882,-1,1,0,0
.084260404,1.2822338,4.4183459,77.584442,-1,1,0,0
.1130916,1.2792548,-.23234488,88.812874,2,4,0,0
.14971165,1.1362199,-11.181111,120.6845,2,4,0,0
.20528495,1.1944745,5.127059,116.80717,2,4,0,0
.24816956,1.1919516,-.21120429,127.92165,2,4,0,0
.31633282,1.3590789,14.021307,96.9692,2,4,0,0
.38787937,1.3511798,-.58120435,99.875305,6,36,0,0
.42135614,1.4235892,5.3589735,89.681709,6,36,0,0
.45337278,1.4439491,1.4301819,91.40696,6,36,0,0
.48812935,1.4994239,3.8418689,94.603119,8,64,0,0
.4563542,1.5300946,2.0455043,97.742325,8,64,0,0
.4710961,1.5494261,1.2634135,106.37276,8,64,0,0
.098415509,17.186605,3.1492214,35.565807,10,100,0,0
.19493178,17.022203,-.95656276,36.714405,10,100,0,0
.19286403,17.381702,2.1119413,37.308956,10,100,0,0
.19109498,17.307899,-.42459527,38.9832,10,100,0,0
.18951957,16.911554,-2.2899764,39.399014,10,100,0,0
.1867588,17.488621,1.9621825,41.832226,10,100,0,0
.092790201,17.910107,2.4100637,43.006054,10,100,0,0
.09132462,20.707457,4.3669353,61.490288,10,100,0,0
.091012105,21.487398,3.7664747,56.534203,10,100,0,0
.04535744,22.272671,3.6545756,52.601311,10,100,0,0
.045200806,23.543707,5.7067041,52.622517,10,100,0,0
.045028817,24.629169,4.6104188,55.937828,10,100,0,0
.044849243,25.46706,3.4020252,54.714104,10,100,0,0
.044669315,26.690804,4.8051977,55.902813,10,100,0,0
.10969305,4.8275118,.90043128,45.649841,3,9,0,.5
.2143375,4.8568649,.6080392,44.550789,3,9,0,.94999999
.20939851,4.8929348,.74265212,53.522896,3,9,0,.94999999
.2557396,4.9897475,1.9786299,55.004429,3,9,0,.2
.1666044,5.0317402,.84158128,55.390877,3,9,0,.2
.24425089,5.1261182,1.8756517,58.227375,3,9,0,.2
.19099614,5.2002726,1.4466002,56.066334,8,64,0,0
.18667167,5.2487898,.93297219,61.906586,8,64,0,0
.23449135,5.3099632,1.1654814,68.475479,8,64,0,0
.25602424,5.4414501,2.4762256,67.184296,8,64,0,0
.31507662,5.5301008,1.6291724,68.348251,8,64,0,0
.37099606,5.4870176,-.77906448,69.302086,8,64,0,0
.41355085,5.589859,1.8742615,67.657402,8,64,0,0
.46383756,5.6097975,.35669565,66.284653,8,64,0,0
.40323967,5.6537685,.7838257,68.866837,8,64,0,0
.37417758,5.7115521,1.02204,66.048698,8,64,0,0
.36521715,5.8943133,3.1998532,66.253647,8,64,0,0
.41437209,2.9760377,.37259731,64.356514,-7,49,0,0
.26564854,2.7743621,-6.7766604,72.458939,-7,49,0,0
.25485286,2.6866496,-3.1615322,66.957466,-5,25,0,0
.18339869,2.7213778,1.2926277,55.02412,-5,25,0,0
.28241503,2.7735555,1.9173186,59.138664,-5,25,0,0
.22758651,2.8268659,1.9221004,52.087399,-5,25,0,0
.1895881,2.8591831,1.1432143,49.006145,-1,1,0,0
.19425787,2.9319587,2.5453253,46.348534,-1,1,0,0
.21126807,3.0341997,3.4871213,45.359562,-1,1,0,0
.22369757,3.1993017,5.4413753,50.414078,-1,1,0,0
.24382429,3.2143445,.47018805,50.268345,-1,1,0,0
.25921494,3.2350445,.64398599,54.18211,-1,1,0,0
.27105957,3.4537141,6.7593989,55.447845,-1,1,0,0
.28009135,3.6150301,4.6708007,51.065319,-1,1,0,0
.29435849,3.6591446,1.2203039,45.65419,-1,1,0,0
.30361411,3.6579022,-.033946346,45.263439,-1,1,0,0
.2450624,3.6122191,-1.2488967,59.816658,-1,1,0,0
.2998338,3.6178281,.15528575,74.451714,-1,1,0,0
.14426553,.70308447,28.278967,54.118992,-6,36,0,0
.16310833,.7952497,5.3200455,46.058662,5,25,0,0
.23465346,.63973558,-29.022453,53.126259,0,0,0,0
.36151022,.62970871,-4.1369429,90.953568,5,25,0,0
.35045806,.62007821,-1.5293542,82.379936,5,25,0,0
.33978325,.61580288,-.68949044,79.952263,-1,1,0,0
.36253798,.60644096,-1.5202644,84.225647,-1,1,0,0
.35183057,.60239512,-.66714668,88.473114,6,36,0,0
.36061135,.59539008,-1.1628656,94.682648,6,36,0,0
.10528466,1.5529128,-14.010501,123.62999,-7,49,0,0
.14413805,1.5048614,-3.0942876,124.40953,-7,49,0,0
.10508804,1.9880257,32.106899,194.15373,-7,49,0,0
.21264115,2.1611216,8.7069349,211.83545,6,36,0,0
.18833849,2.2727809,5.1667256,196.3773,6,36,0,0
.37590063,2.0828989,-8.3546143,204.14088,6,36,0,0
.41004068,2.3411646,12.399335,182.09773,6,36,0,0
.43713197,2.5282435,7.9908605,180.60701,6,36,0,0
.4850567,2.6882176,6.3274755,177.237,6,36,0,0
.55436289,2.5786929,-4.0742564,178.48688,6,36,0,0
.6284591,2.4986482,-3.1040735,187.10884,6,36,0,0
.70756292,2.4566121,-1.6823614,192.64661,6,36,0,0
.65201974,2.4827354,1.0633916,192.70251,6,36,0,0
.65063483,2.4684827,-.57406873,188.41313,6,36,0,0
.59540564,2.477999,.38550779,181.21063,6,36,0,0
.54092646,2.4125705,-2.6403716,205.31494,6,36,0,0
.54122436,2.2949908,-4.8736324,210.26628,6,36,0,0
.54160315,2.760195,20.270418,184.53781,6,36,0,0
.058606252,1.8177838,-7.979856,22.497826,-6,36,0,0
.091896951,1.7996961,-.99504399,24.152645,7,49,0,0
.090099491,1.7458351,-2.9927797,25.337862,-7,49,0,0
.11929929,1.5939038,-8.7025013,18.682457,-7,49,0,0
.15482032,1.6189028,1.5684142,25.479055,-7,49,0,0
.20055076,1.5123203,-6.5836215,23.575047,7,49,0,0
.23345792,1.6522274,9.2511501,36.227459,7,49,0,0
.27952185,1.64727,-.30004367,39.220127,7,49,0,0
.31844047,1.6249844,-1.3528792,40.743942,7,49,0,0
.35062444,1.6446044,1.2073998,45.81551,7,49,0,0
.37645334,1.6408937,-.22563484,46.217251,2,4,0,0
.39105916,1.6551999,.87185329,47.606228,-2,4,0,0
.405242,1.6088827,-2.7982788,47.062748,-2,4,0,0
.39878783,1.5693625,-2.4563723,46.684998,-2,4,0,0
.3924804,1.544045,-1.6132424,48.524372,-2,4,0,0
.36182564,1.452969,-5.8985333,51.557262,0,0,0,0
.35128099,1.4731071,1.3859988,51.287563,3,9,0,0
.34049928,1.5234263,3.4158547,50.586964,5,25,0,0
.078634843,3.2643011,1.9526696,114.96629,6,36,0,0
.071033113,3.1637504,-3.0803106,113.67683,6,36,0,0
.12906252,3.0747771,-2.812274,115.68267,6,36,0,0
.14817126,3.1757822,3.2849612,117.06389,6,36,0,0
.21015786,3.1873074,.36290213,116.63307,6,36,0,0
.2899946,2.9624121,-7.0559583,116.90648,6,36,0,0
.36554855,3.044136,2.7586946,119.39878,6,36,0,0
.45259881,3.102762,1.9258635,119.61471,6,36,0,0
.47375163,3.1958077,2.9987986,112.70294,6,36,0,0
.54349601,3.1724174,-.73189658,115.91299,6,36,0,0
.60975134,2.9307394,-7.6181011,118.69139,7,49,0,0
.56255919,3.0617888,4.4715433,116.74938,7,49,0,0
.58176136,3.0633705,.051654499,118.20337,7,49,0,0
.51345986,3.0825229,.62521076,123.52634,7,49,0,0
.46625847,3.1361423,1.7394609,128.23854,7,49,0,0
.39716741,3.2546368,3.7783494,138.41632,7,49,0,0
.45099702,3.3679039,3.4801888,136.48889,7,49,0,0
.38209003,3.5307975,4.8366323,129.92564,7,49,0,0
.0048481324,3.9920592,-.27604714,46.63393,6,36,0,.30000001
.0047843666,4.1513495,3.9901795,54.810207,6,36,0,.19400001
.023605309,4.2433476,2.2160995,54.00296,6,36,0,.205
.051240448,4.3735747,3.0689721,50.362358,6,36,0,.112
.091917038,4.6087098,5.3762679,48.978985,6,36,0,.47799999
.088412121,4.6751113,1.4407831,56.837437,8,64,0,.73799998
.1322623,4.883966,4.467371,62.91832,8,64,0,.213
.19279346,5.0358543,3.1099391,65.685898,8,64,0,0
.08084181,7.1526294,1.0995309,50.414009,3,9,0,.035
.079497151,7.5459766,5.4993415,50.552742,3,9,0,0
.1538973,8.0488586,3.6478088,48.350208,3,9,0,.050000001
.21207668,8.0120277,-.45759588,50.157238,3,9,0,.115
.13423961,8.378911,4.579154,54.38303,3,9,0,0
.16894636,8.8326006,5.4146643,59.715569,3,9,0,0
.21711732,9.0288992,2.2224319,61.088863,-6,36,0,0
.25678366,9.4982796,5.1986375,60.723938,-6,36,0,.028000001
.30272719,9.9161873,4.3998365,60.50621,-6,36,0,.057
.12021832,36.755577,2.3329043,151.55225,10,100,0,0
.11734959,38.659306,5.1794152,151.44321,10,100,0,0
.11451624,40.373821,4.4349432,149.66737,10,100,0,0
.42918456,16.201714,-1.8012959,62.895821,9,81,0,.336
.20206103,17.154617,5.8815017,60.805847,9,81,0,.197
.19519812,18.293634,6.6397042,57.805859,9,81,0,.163
.19007793,18.876551,3.1864464,59.620052,9,81,0,.197
.18521948,18.939583,.33390921,64.606842,9,81,0,.31099999
.18034266,19.636133,3.6777604,67.124886,9,81,0,.15099999
.17568517,20.368813,3.7312818,68.56498,9,81,0,.17399999
.17135024,20.973009,2.966279,68.830994,9,81,0,.079999998
.16747613,20.926226,-.22305974,71.445946,9,81,0,.1
.15530361,22.355743,5.6152506,86.397133,10,100,0,.65799999
.152207,21.646648,-3.1718717,80.394493,10,100,0,1.451
.14948353,20.856455,-3.650419,80.835922,10,100,0,.38999999
.14686444,20.829813,-.12773791,81.861443,10,100,0,.76700002
.14429806,21.470562,3.0761125,89.475174,10,100,0,.92699999
.14176957,22.327139,3.9895382,87.740837,10,100,0,.23999999
.27854764,23.091257,3.4223826,87.144531,10,100,0,1.9859999
.33057705,22.679672,3.632941,40.187141,10,100,0,0
.39201072,23.1686,2.155793,42.576603,10,100,0,0
.44015905,23.504837,1.4512651,41.998402,10,100,0,0
.48387596,23.590525,.36455938,44.672779,10,100,0,0
.52775413,23.316212,-1.1628195,44.260719,10,100,0,0
.52774072,23.872921,2.3876579,46.87941,10,100,0,0
.52758569,24.728098,3.5821993,50.113968,10,100,0,0
.21531343,24.837578,.44273823,49.558704,10,100,0,0
.14496331,25.305256,1.8829397,51.400974,10,100,0,0
.12297627,25.667088,1.4298686,52.916313,10,100,0,0
.1316977,26.20612,2.10009,52.049141,10,100,0,0
.13601096,27.141657,3.5699167,53.856304,10,100,0,0
.12684272,27.555035,1.5230459,53.009804,10,100,0,0
.091138475,27.653801,.35842556,51.496475,10,100,0,0
.064460352,27.567623,-.31162789,51.168495,10,100,0,0
.068251178,27.874323,1.1125349,52.063667,10,100,0,0
.072105393,27.794857,-.28508288,52.17749,10,100,0,0
.080000408,28.410671,2.2155666,53.453701,10,100,0,0
.13947001,7.2711825,6.4540257,103.59728,10,100,0,0
.10390508,7.6600695,5.3483295,107.21761,10,100,0,0
.16508164,7.6552267,-.063217521,109.60019,10,100,0,0
.13655472,8.4006882,9.7379379,129.19881,10,100,0,0
.2903598,8.4607687,.7151885,114.0113,9,81,0,0
.22401434,8.4027834,-.68534333,122.08554,9,81,0,0
.19920926,8.3180399,-1.0085211,112.49218,9,81,0,0
.35874754,8.2778664,-.48296908,99.382423,9,81,0,0
.32593077,8.1268005,-1.824932,91.220993,9,81,0,0
.29881287,7.9228468,-2.5096495,90.871231,9,81,0,0
.2758511,7.8847432,-.48092774,91.586441,9,81,0,0
.32906425,7.8767138,-.10183568,97.979881,9,81,0,0
.30563572,7.92275,.5844596,94.044167,9,81,0,0
.35546076,7.9611382,.48453125,91.971062,9,81,0,0
.37906069,8.0389786,.97776121,99.396553,9,81,0,0
.37730154,8.0445452,.069240175,103.25331,9,81,0,0
.35203335,8.1082869,.79236263,101.95157,9,81,0,0
.35036251,8.3030205,2.4016509,99.953514,9,81,0,0
.13437609,7.0737877,5.1272769,102.34747,-4,16,0,0
.1346049,7.6410542,8.0192776,121.03789,-4,16,0,0
.067299731,8.5081482,11.347836,107.43826,-4,16,0,0
.13414717,9.0696735,6.5998535,116.42282,-6,36,0,0
.13321789,10.722139,18.219688,98.304871,-6,36,0,0
.13203935,11.916167,11.136091,99.49939,-6,36,0,0
.32662445,12.768412,7.1520076,97.399864,-6,36,0,0
.3229098,14.174279,11.010503,95.366219,-6,36,0,0
.19442013,3.774621,4.2093177,94.313843,-3,9,0,0
.19260031,3.6477158,-3.3620632,95.084007,3,9,0,0
.38205853,3.528137,-3.2781835,126.57853,4,16,0,0
.38285059,1.7254853,4.479569,77.118126,-7,49,0,0
.37625435,1.7773865,3.0079272,62.284122,-7,49,0,0
.18510216,1.787747,.58290505,60.464184,-7,49,0,0
.18224142,1.8541538,3.7145467,60.963917,-7,49,0,0
.17941947,1.8868786,1.7649503,56.759697,-7,49,0,0
.17655648,1.9466289,3.1666183,57.252716,-7,49,0,0
.17362915,2.0327673,4.424993,58.030769,-7,49,0,0
.085325822,2.1616805,6.3417592,60.488369,-7,49,0,0
.0855432,8.7667332,7.9816408,97.040993,8,64,0,0
.071674049,9.376194,6.9519773,96.012833,8,64,0,0
.12353658,10.044097,7.1233826,98.689819,8,64,0,0
.10867203,10.908687,8.6079407,103.70196,8,64,0,0
.27317056,12.118374,11.089211,110.08237,8,64,0,0
.27459252,13.522512,11.586864,113.01288,8,64,0,0
.67242187,7.8247027,-43.388111,125.48624,0,0,0,7.1500001
.32749432,6.2678599,-19.896513,123.73969,,,0,7.1500001
.31661728,7.4539056,18.922667,130.54692,,,0,0
.30516273,6.1552582,-17.422375,81.818077,,,0,0
.29482061,6.3365679,2.9455993,84.538826,,,0,0
.28647193,6.7494526,6.5159035,85.761627,,,0,0
.28016666,7.2186832,6.9521289,87.027306,,,0,0
.27539864,7.3894424,2.3655214,76.495926,,,0,0
.27168599,8.0929909,9.5209923,66.767174,,,0,0
.53678536,8.1120701,.23575018,62.367664,,,0,0
.5301829,7.6107855,-6.1794901,56.161324,,,0,0
.52346164,7.5054102,-1.3845508,56.161324,,,0,0
.51690024,7.6688519,2.1776526,65.251717,,,0,0
.51052475,7.4017859,-3.4824834,68.472504,,,0,0
.25221375,7.5213361,1.6151534,68.474487,,,0,0
.49866107,7.7934604,3.6180401,68.475624,,,0,0
.49318165,7.7822595,-.14373043,64.198898,7,49,0,0
.48815301,7.6771879,-1.350136,67.048157,7,49,0,0
.05254503,1.2556499,-2.1234374,196.74362,-7,49,0,0
.060844779,1.368601,8.9954185,190.56047,8,64,0,0
.061337125,1.4242418,4.0655322,176.2899,8,64,0,0
.077907756,1.4538351,2.0778282,184.53223,8,64,0,0
.10074184,1.5420395,6.0670147,187.58369,8,64,0,0
.13474777,1.68935,9.5529661,174.76859,8,64,0,0
.17578962,1.7345256,2.6741302,149.468,0,0,0,.114
.22190829,1.7215798,-.74634707,138.92854,2,4,0,0
.28469792,1.7701012,2.8184197,134.58371,4,16,0,0
.32626003,1.7888708,1.0603682,150.79112,6,36,0,0
.36788896,1.8000709,.62609684,178.06386,8,64,0,0
.4095408,1.8613876,3.4063501,164.46072,8,64,0,0
.43148604,1.9755147,6.1312914,165.02214,8,64,0,0
.38725594,2.0704534,4.8057718,149.67308,8,64,0,0
.38680431,2.2308815,7.7484493,143.98503,8,64,0,0
.11700188,1.3544407,-.93056816,68.826843,-6,36,0,.1
.15826891,.50969815,-62.368366,64.381569,0,0,0,9.8999996
.3017047,.48939615,-3.9831495,33.512177,0,0,0,0
.24371544,.31396565,-35.846321,64.224625,0,0,0,0
.21955036,.20299716,-35.344147,66.955879,0,0,0,0
.38878277,.16006191,-21.150665,66.955772,0,0,0,0
.3371096,.15316476,-4.3090458,66.956558,0,0,0,0
.28842738,.16366704,6.8568411,45.077881,0,0,0,0
.29119006,.30891883,88.748337,62.109787,0,0,0,0
.31952658,.35903791,16.224035,62.109787,0,0,0,0
.34887692,.41484869,15.544542,57.962521,0,0,0,0
.38172483,.49187627,18.567629,56.270977,0,0,0,0
.39596978,.49566749,.77076429,54.582092,0,0,0,0
.40508047,.50366729,1.6139454,47.664845,0,0,0,.5
.41809979,.34551734,-31.399687,72.642151,1,1,0,1.661
.40676439,.35379726,2.3963861,81.791763,3,9,0,0
.38419357,.35984936,1.7106113,86.817223,5,25,0,0
.36429432,.3702108,2.8793759,80.411987,6,36,0,0
.28825971,9.1636105,6.9796605,100.16473,10,100,0,0
.28949928,9.841445,7.3970308,110.85252,10,100,0,0
.29107127,10.810154,9.8431559,109.844,10,100,0,0
.29288581,11.587059,7.1868033,112.75988,10,100,0,0
.29463047,12.476556,7.6766343,123.43379,10,100,0,0
.59248406,13.431747,7.6558919,130.01016,10,100,0,0
.0655348,.95569807,-.49080458,59.003357,8,64,0,0
.06361822,.94060558,-1.5792078,58.433846,7,49,0,0
.12355823,.9642691,2.515775,61.008423,7,49,0,0
.12003306,.96511042,.087242633,68.040169,7,49,0,0
.28351712,.83589345,-14.24888,53.601612,7,49,0,0
.2757144,.83597451,.0096923728,77.938065,7,49,0,0
.52194762,.86278987,5.0258627,73.775658,7,49,0,0
.50838959,.86535668,.29750651,77.27243,7,49,0,0
.075615697,.90863585,-3.1243556,52.829342,-9,81,0,0
.080419652,.93571383,2.9800665,55.696152,-9,81,0,0
.08751218,.90562046,-3.2160826,61.751041,-9,81,0,0
.098859005,.82204473,-9.2285633,67.312515,-9,81,0,0
.11715165,.92405528,12.409369,59.628021,-8,64,0,0
.13922383,.87728357,-5.0615721,46.289936,6,36,0,0
.17016794,.96533322,10.036623,50.866611,6,36,0,0
.19955853,1.0485007,8.6154022,59.239853,6,36,0,0
.24505055,1.0905063,4.0062757,63.929996,6,36,0,0
.29099825,1.0655025,-2.2928643,58.81881,6,36,0,0
.33776149,1.0676928,.2055517,63.275673,6,36,0,0
.37768492,1.0320587,-3.3374751,53.971066,6,36,0,0
.41410965,.96699929,-6.3038511,62.583397,4,16,0,0
.44114995,1.0185906,5.335186,66.377632,4,16,0,0
.4529286,1.0612036,4.1835423,65.41188,5,25,0,0
.43643713,1.1361063,7.0582652,65.66011,6,36,0,0
.37757534,1.1796168,3.8298032,71.719437,6,36,0,0
.4105072,1.2634023,7.1027751,73.452721,6,36,0,0
.1047813,8.9583569,6.4070048,153.84511,4,16,0,0
.10215251,9.5837688,6.9813228,154.13686,4,16,0,0
.099606276,10.217644,6.6140475,159.71222,4,16,0,0
.097115889,10.986644,7.5261979,179.47499,4,16,0,0
.23668566,11.835146,7.7230368,197.36536,3,9,0,0
.11537743,12.74117,7.6553669,192.14099,3,9,0,0
.11254003,13.296928,4.361918,190.2522,3,9,0,0
.2197579,12.605846,-5.1973066,180.4942,3,9,0,0
.14322369,13.287419,5.4067936,188.09206,3,9,0,0
.14020419,14.177885,6.7015662,206.10211,3,9,0,0
.12366903,13.981128,-1.3877678,190.02876,3,9,0,0
.15164867,14.455763,3.3948209,190.58974,3,9,0,0
.1984801,15.039848,4.0405045,188.70572,3,9,0,0
.20270546,15.870805,5.5250325,206.52618,3,9,0,0
.25274059,16.481495,3.847878,212.10042,3,9,0,0
.29379067,17.140261,3.997005,215.68356,3,9,0,0
.13039541,.8879832,5.3342648,44.463665,-7,49,0,0
.21186452,.88051569,-.84095156,45.728867,-7,49,0,.15000001
.15484048,.88910043,.97496605,47.243034,0,0,0,0
.24134441,.93402714,5.0530548,45.20665,7,49,0,0
.1958929,.96539742,3.3585992,52.428986,7,49,0,0
.15739778,.93609232,-3.0355408,56.799892,7,49,0,.15000001
.17341794,.92285466,-1.4141389,65.129044,7,49,0,0
.18751389,1.0295019,11.556238,54.219353,7,49,0,0
.21136183,1.0416548,1.1804591,55.649628,6,36,0,0
.22032289,1.0876148,4.4122014,55.405453,6,36,0,0
.25703478,1.1391118,4.7348652,55.850864,6,36,0,0
.27837226,1.1084917,-2.688072,56.612862,6,36,0,0
.30798075,1.131297,2.0573232,66.290413,6,36,0,0
.33548293,1.174979,3.8612359,63.624146,7,49,0,0
.36692718,1.1849363,.8474474,62.881748,7,49,0,0
.31579003,1.2655576,6.803853,55.689072,7,49,0,0
.27851176,1.2540592,-.90856361,57.944294,7,49,0,0
.3134923,1.2859557,2.5434606,55.921661,7,49,0,0
.44933742,1.9398848,-4.9311681,63.720695,-6,36,0,0
.43694395,2.081018,7.2753434,71.738464,-6,36,0,0
.2123944,2.1272962,2.2238178,77.29409,-6,36,0,0
.13762163,2.0047355,-5.7613368,70.418312,-6,36,0,0
.080232129,1.9866242,-.90342182,74.918129,-6,36,0,0
.12989618,2.0740399,4.4002237,71.31395,-6,36,0,0
.10813095,2.0846477,.51144809,83.225136,-6,36,0,0
.22970341,2.0334525,-2.4558294,83.890205,-6,36,0,0
.22311899,1.9880682,-2.2318749,78.628769,-6,36,0,0
.2168493,2.074378,4.3413777,75.762886,-6,36,0,0
.42185479,1.9679854,-5.1288881,109.19612,-6,36,0,0
.4106926,2.0409336,3.7067482,117.26913,-5,25,0,0
.40051511,2.3119371,13.278399,107.08522,-3,9,0,0
.13629797,16.082529,-1.8684069,138.79904,10,100,0,0
.090086244,16.718807,3.9563329,127.71532,10,100,0,0
.13405691,17.534826,4.8808455,122.30232,10,100,0,0
.093893275,18.341843,4.6023607,125.71325,10,100,0,0
.10213155,8.2752285,2.1283271,21.006662,0,0,0,0
.13562414,8.5690527,3.5506554,22.338213,0,0,0,0
.17367296,8.8092346,2.8028908,23.495047,0,0,0,0
.21602289,9.0090246,2.2679648,25.394569,0,0,0,0
.26801935,8.9996586,-.1039592,26.104618,0,0,0,0
.21211621,9.2687941,2.9905095,29.804932,4,16,0,.11
.24845861,8.3720741,-9.6746178,34.160732,4,16,0,0
.23777507,8.6968756,3.8795927,38.880489,4,16,0,.034000002
.27296281,9.209815,5.8979688,41.939751,6,36,0,0
.28990158,9.5543003,3.7404187,45.482166,6,36,0,0
.3096312,9.8034239,2.6074402,49.537682,6,36,0,0
.33335325,10.338496,5.4580121,55.066898,8,64,0,0
.36665806,10.180408,-1.5291159,53.815388,8,64,0,0
.36296132,10.12255,-.56832808,54.269726,8,64,0,0
.32663804,10.105446,-.16896306,54.649387,8,64,0,0
.35567924,10.398299,2.8979597,58.565632,8,64,0,0
.35181525,10.545991,1.4203606,61.546169,8,64,0,0
.34827587,10.953897,3.8678622,65.402893,8,64,0,0
.065725408,3.4878702,4.235642,145.97096,8,64,0,0
.15131642,4.6555705,8.5109205,49.052174,-7,49,0,0
.17803618,4.6956496,5.2355824,51.855091,-6,36,0,0
.17564987,4.5967383,-2.1064441,54.370308,-6,36,0,0
.17341271,4.5741029,-.49241629,58.05714,-6,36,0,0
.33513561,4.9841914,2.5829573,59.576077,-6,36,0,0
.33175516,5.1439104,3.2045159,62.605431,-6,36,0,0
.32790589,5.0964527,-.92260629,69.420395,-6,36,0,0
.32403782,5.4166508,6.2827702,71.564934,-6,36,0,0
.14239824,1.2644963,7.5599995,51.461044,-7,49,0,2.5
.14423454,1.2244414,-3.1676526,49.767719,-7,49,0,0
.15181762,1.2541693,2.4278741,50.342747,-6,36,0,0
.15781693,1.13775,-9.2825899,50.899082,-6,36,0,0
.15954541,1.189904,4.583962,46.618179,-6,36,0,0
.16726536,1.209357,1.6348416,53.810154,6,36,0,0
.17710495,1.0366703,-14.27922,59.134392,6,36,0,0
.18230219,1.0975263,5.8703446,50.822197,6,36,0,0
.19762352,1.1971517,9.0772505,46.489536,6,36,0,0
.20969081,1.2680831,5.9250259,46.198654,6,36,0,0
.22563586,1.1983633,-5.498055,61.347649,6,36,0,0
.24453737,1.2454021,3.925262,60.400337,6,36,0,0
.26131284,1.473483,18.313824,49.306721,6,36,0,0
.28823155,1.6186577,9.8524933,77.467865,6,36,0,0
.30134362,1.7366142,7.2873063,77.381203,6,36,0,0
.31137896,1.8889731,8.7733297,75.892387,6,36,0,0
.32176924,1.9878981,5.2369699,74.849998,6,36,0,0
.30319759,2.0983808,5.5577679,73.904022,6,36,0,0
.093407176,,,,-6,36,0,0
.11772705,,,,-7,49,0,.1
.15305789,,,,-7,49,0,0
.18720654,,,,-7,49,0,0
.22324473,,,,-7,49,0,0
.28689647,,,,-7,49,0,0
.30501893,,,,-7,49,0,0
.37632141,,,,-7,49,0,.079999998
.44592983,,,,-7,49,0,0
.48963895,,,,-7,49,0,0
.53274435,,,,-7,49,0,0
.57541567,,,,-7,49,0,0
.61770642,,,,-7,49,0,0
.63599998,,,,-7,49,0,.23
.70954788,,,,-7,49,0,.030999999
.70360482,,,,-8,64,0,0
.76774424,,,,-8,64,0,.07
.73210776,,,,-8,64,0,.15800001
.11758245,5.2928805,-4.1322174,85.973724,,,0,0
.12656361,5.3011208,8.4948406,87.137177,6,36,0,0
.1193846,5.2090693,-3.1382036,93.329887,6,36,0,0
.12425712,5.2702484,1.1744741,89.775574,6,36,0,0
.1296436,5.2938375,.44758761,95.225365,6,36,0,0
.14411481,5.3477817,1.0190034,100.10793,6,36,0,0
.16359812,5.3031578,-.83444208,99.081398,6,36,0,0
.18245535,5.3252649,.41686791,99.814499,6,36,0,0
.21282732,5.3498721,.46208292,99.959343,6,36,0,0
.23988487,5.5309892,3.385447,91.414307,6,36,0,0
.27116415,5.4411449,-1.6243771,94.513,6,36,0,0
.30078796,5.797565,6.5504608,94.661552,6,36,0,0
.30158368,6.1456418,6.0038433,100.23123,6,36,0,0
.29772446,6.180305,.56402791,96.749756,6,36,0,0
.14465901,5.8889127,-4.7148514,99.109177,6,36,0,0
.16024999,6.2428217,6.0097542,104.92932,6,36,0,0
.049771197,1.5051134,3.5327103,34.718246,5,25,0,0
.097051367,1.4960456,-.60246825,42.6535,5,25,0,0
.11828423,1.5149397,1.2629405,45.819443,5,25,0,0
.076905183,1.5794511,4.2583456,55.956745,5,25,0,0
.10980977,1.630718,1.960645,58.44038,5,25,0,.1
.12864141,1.6692202,2.3610549,64.539612,5,25,0,.1
.16755573,1.6883962,1.148803,56.763981,5,25,0,.25
.1719951,1.7343678,2.722796,52.300983,6,36,0,.15899999
.20834619,1.7831334,2.8117228,55.838566,6,36,0,.25999999
.25106749,1.7587739,-1.3661052,46.082436,6,36,0,.42899999
.28438455,1.7956402,2.0961378,44.047649,-6,36,0,3.947
.30880606,1.8418325,2.5724647,45.975315,-6,36,0,2.105
.33218107,1.8677856,1.4090891,43.892498,-6,36,0,2.451
.34730563,1.8857872,.96379811,45.289001,-6,36,0,1.848
.35577577,1.9093962,1.2519355,40.918301,6,36,0,.47999999
.33440343,23.846649,3.91328,77.667198,10,100,0,0
.33178499,24.618595,3.2371337,78.3368,10,100,0,0
.32942417,25.014227,1.6070409,81.497421,10,100,0,0
.32724446,25.243681,.91730213,82.492683,10,100,0,0
.65014714,25.208393,-.1397931,83.979179,10,100,0,0
.32341528,25.821371,2.4316404,88.599014,10,100,0,0
.1611136,26.552696,2.832248,93.986252,10,100,0,0
.064073816,27.4674,3.4448626,94.761337,10,100,0,0
.063702382,28.603914,4.1376867,100.77228,10,100,0,0
.031635556,29.678926,3.7582619,104.03264,10,100,0,0
.031396326,30.930511,4.217092,108.05756,10,100,0,0
.031160237,31.927185,3.2222958,117.39551,10,100,0,0
.030961877,32.276299,1.0934699,117.87041,10,100,0,0
.030816132,31.919851,-1.1043627,119.29405,10,100,0,0
.030709263,31.759752,-.50156665,121.171,10,100,0,0
.061275072,32.284229,1.6513883,126.62239,10,100,0,0
.061176665,32.638073,1.0960298,131.67101,10,100,0,0
.061045822,33.38998,2.3037705,137.70052,10,100,0,0
.29002318,17.811184,-.0053550419,41.567963,10,100,0,0
.28611484,17.547857,-1.4784261,43.463089,10,100,0,0
.28314978,17.112896,-2.4787142,45.685337,10,100,0,0
.27993953,17.11824,.031224024,47.380127,10,100,0,0
.27623546,18.049101,5.4378328,47.550602,10,100,0,0
.27222738,18.874031,4.5704741,49.830738,10,100,0,0
.21440877,1.7952596,1.1691922,52.005852,6,36,0,0
.21000761,1.8518637,3.1529777,56.954254,8,64,0,0
.20597233,1.9142389,3.3682401,61.384727,8,64,0,0
.20227711,1.9201454,.30855376,71.480438,8,64,0,0
.39777192,1.9369433,.87481946,74.20652,8,64,0,0
.39152664,2.0495017,5.811142,80.096893,8,64,0,0
.19289613,2.0577908,.40443814,78.348373,8,64,0,0
.1902575,2.0484447,-.45416564,79.299774,8,64,0,0
.46351257,2.0111065,.13418898,80.758118,8,64,0,0
.45766258,2.0731249,3.0837979,85.106682,8,64,0,0
.45188636,2.1123152,1.8903905,87.832909,8,64,0,0
.44606245,2.138386,1.2342308,91.551994,8,64,0,0
.12785062,.93707669,-1.2653542,74.451782,-7,49,0,0
.23919296,.90482479,2.1207993,59.979485,1,1,0,.039999999
.17947073,.85404193,2.2400994,52.414375,8,64,0,.40000001
.16102938,.80759722,-3.1488855,55.144459,-6,36,0,.059999999
.17083549,.8663972,7.2808495,55.069256,-6,36,0,0
.19263454,.86815119,.20244318,45.3326,5,25,0,0
.22308283,.81068319,-6.6195812,51.121529,5,25,0,0
.23030266,.82280481,1.4952391,50.857353,5,25,0,0
.27289832,.82803494,.63563865,48.334919,5,25,0,0
.30254772,.87702852,5.9168501,46.542057,5,25,0,0
.32041159,.84882176,-3.2161648,48.343681,6,36,0,0
.33668876,.85149413,.31482759,50.498276,6,36,0,0
.35223457,.86555928,1.6518164,46.92889,6,36,0,0
.14519495,1.2618864,5.974968,61.41806,-5,25,0,0
.13368014,1.3394647,6.1478081,56.438515,-5,25,0,0
.14984572,1.3233043,-1.206483,63.053864,-5,25,0,0
.16178411,1.2456772,-5.8661551,49.991192,-5,25,0,0
.16387129,1.258655,1.0418191,57.550098,-7,49,0,0
.17512979,1.2406281,-1.4322218,54.225338,-7,49,0,0
.19272041,1.2087343,-2.5707881,49.242142,-6,36,0,0
.21541983,1.2234474,1.2172264,49.04031,-6,36,0,0
.23892222,1.2873619,5.2241263,65.257225,-6,36,0,0
.26602679,1.2899863,.20385817,63.186638,-1,1,0,0
.2843883,1.2337512,-4.3593478,53.113033,4,16,0,0
.31728709,1.275251,3.3637135,56.746906,4,16,0,0
.35690841,1.3786874,8.1110544,51.816284,4,16,0,0
.37130722,1.6445094,19.280806,54.298431,4,16,0,0
.38496074,1.8176615,10.529107,67.263596,4,16,0,0
.39793119,1.8631015,2.4999118,45.144203,4,16,0,.124
.40121984,1.8102312,-2.8377566,54.346695,4,16,0,0
.37057453,2.1765845,20.237928,69.686493,4,16,0,0
.23191094,31.270752,2.6031699,67.07589,10,100,0,0
.23059539,32.088367,2.6146326,67.376503,10,100,0,0
.22935779,33.798565,5.3296618,68.384346,10,100,0,0
.16343214,2.6074715,3.0223107,35.239456,8,64,0,0
.1594771,2.6638496,2.1621764,36.765976,8,64,0,1.7
.15569375,2.6306584,-1.2459842,34.545448,8,64,0,.5
.15199648,2.650537,.75565279,31.528751,7,49,0,0
.19289266,2.6999073,1.8626484,28.849113,7,49,0,0
.23174971,2.7393556,1.4610926,28.851007,-6,36,0,0
.26864585,2.6960084,-1.5823737,30.241552,-6,36,0,0
.15872751,2.7242954,1.0492127,30.844086,-6,36,0,0
.18862996,2.7728684,1.7829489,35.163097,-5,25,0,0
.21701778,2.9581399,6.6815825,30.683226,-5,25,0,0
.25036591,3.0845647,4.2737994,36.296753,-5,25,0,.098999999
.28301522,3.2693834,5.9917302,38.605469,-5,25,0,.175
.31388208,3.3885679,3.6454709,36.826042,-5,25,0,.454
.10369537,5.2709842,-.76858729,166.26944,8,64,1,.44600001
.16255207,5.6743727,7.6529918,177.01396,8,64,0,0
.13271424,6.33109,11.573391,222.28792,8,64,0,0
.23886296,6.4311662,.32398233,174.45988,8,64,0,0
.23404627,6.4269142,-.066118598,165.54926,9,81,0,0
.39957377,6.4234285,-1.4198356,162.31941,9,81,0,0
.39166108,6.6695485,3.831594,164.32143,9,81,0,0
.38401562,6.9196911,3.7505226,160.39536,9,81,0,0
.37665448,7.0144691,1.369686,134.31953,9,81,0,0
.33261985,7.1243534,1.5665398,149.01677,9,81,0,0
.3264949,7.0014315,-1.7253799,146.88229,9,81,0,0
.35266221,6.9975553,-.055361658,143.21106,9,81,0,0
.34641805,7.0360065,.54948908,130.97229,9,81,0,0
.30945364,7.550179,7.3077416,138.94666,9,81,0,0
.3345969,7.9445825,5.2237616,144.54662,9,81,0,0
.29934698,8.5311136,7.3827786,145.03653,9,81,0,0
.097939432,2.3592422,-4.3045316,92.891174,4,16,0,0
.12388766,2.4078901,-.57270688,103.04405,4,16,0,0
.14372796,2.1137831,.268053,128.41074,4,16,0,0
.16475251,2.0906661,1.5572766,136.08438,4,16,0,0
.13437194,2.1265545,1.7166022,138.47458,4,16,0,0
.10541689,2.1439412,.81760257,137.11304,4,16,0,0
.2184146,4.9134483,-1.7766956,103.51738,7,49,0,0
.21327168,5.0079627,1.9235889,133.40446,7,49,0,0
.20837891,4.7275305,-5.5997367,161.55536,7,49,0,0
.20372461,4.8256803,2.0761409,174.3259,7,49,0,0
.19928573,4.7672353,-1.2111195,158.02446,7,49,0,0
.1950395,4.7686343,.029342549,144.28114,7,49,0,0
.311744,4.8207917,.25441721,100.1267,7,49,0,0
.22908802,4.5563726,-5.4849715,107.26827,7,49,0,0
.22454342,4.4846511,-1.5740987,97.966599,7,49,0,0
.35227096,4.4518209,-.73205,99.390617,7,49,0,0
.34553728,4.5059619,1.2161551,98.190895,8,64,0,0
.33906057,4.5954571,1.9861451,100.87135,8,64,0,0
.27703899,4.5909643,-.09775798,106.80312,8,64,0,0
.27230909,4.6292171,.83322114,119.48697,8,64,0,0
.22975641,4.2908854,-15.815014,24.393185,7,49,0,2.013
.22524032,4.0244403,-6.2095575,24.542252,8,64,0,1.485
.22096159,4.0320892,.19006032,27.719315,8,64,0,1.192
.21692322,3.9337454,-2.4390306,29.669479,-3,9,0,1.7180001
.21312973,4.0357823,2.5938926,29.298084,1,1,0,1.1289999
.2095779,4.4625063,10.573514,31.951693,1,1,0,.31400001
.17875494,4.7366204,6.142601,34.517551,1,1,0,.428
.21668604,4.7745967,.80175722,34.895775,1,1,0,.211
.25360978,5.0141158,5.0165281,36.701859,1,1,0,.13
.2896027,4.9048076,-2.1800041,38.27887,1,1,0,.092
.25328672,4.8988242,-.12198987,35.941364,1,1,0,.054000001
.2788963,4.9752035,1.5591327,36.958088,5,25,0,0
.31343749,4.9210987,-1.0874915,38.664227,9,81,0,0
.30966783,5.0950112,3.5340209,38.67054,9,81,0,0
.36166635,5.227211,2.5946867,39.093037,9,81,0,0
.27498445,5.4311442,3.9013736,41.782272,9,81,0,0
.31716025,5.7339764,5.5758567,44.213188,9,81,0,0
.23657456,6.0728092,5.9092073,43.70311,9,81,0,0
.051789321,8.3078251,6.5357842,42.205868,9,81,0,0
.051746443,8.8386002,6.388865,47.460804,9,81,0,0
.051724836,9.4609203,7.0409169,51.788963,9,81,0,0
.0261561,10.957766,1.1417315,60.900093,9,81,0,0
.026180753,11.11495,1.434459,62.375034,10,100,0,0
.026190216,11.56169,4.0192695,66.996948,10,100,0,0
.02620171,12.236137,5.8334684,72.529175,10,100,0,0
.052436642,12.666115,3.5139961,74.511292,10,100,0,0
.052465126,13.496287,6.5542793,80.571991,10,100,0,0
.25262734,14.160784,4.3066316,42.658844,10,100,0,0
.25163561,15.045144,6.2451367,44.985497,10,100,0,0
.16728564,15.406118,2.3992736,45.903107,10,100,0,0
.33420226,15.635405,1.4882737,48.461128,10,100,0,0
.33340001,15.280038,-2.2728245,47.795803,10,100,0,0
.24932681,15.83405,3.6257215,49.785679,10,100,0,0
.24863251,16.131109,1.8760717,52.583961,10,100,0,0
.24779464,16.662821,3.2961853,53.470226,10,100,0,0
.24681608,17.432673,4.6201835,54.896069,10,100,0,0
.24572439,18.322853,5.1063938,57.881012,10,100,0,0
.19558366,19.003599,3.7152846,58.898232,10,100,0,0
.19430801,19.606134,3.1706352,60.563702,10,100,0,0
.19289517,19.878904,1.3912438,60.207836,10,100,0,0
.095775843,19.808264,-.35535237,60.363361,10,100,0,0
.095220275,19.40657,-2.0279031,62.167336,10,100,0,0
.094791673,19.614145,1.0696088,64.620941,10,100,0,0
.094479166,19.561754,-.26710841,65.604256,10,100,0,0
.094265506,19.670153,.55413258,69.106583,10,100,0,0
.043992788,5.637866,1.0861295,27.374771,5,25,0,0
.088179536,5.8472586,3.7140441,29.185318,5,25,0,0
.088676065,6.4550519,4.3274264,32.679913,8,64,0,0
.089114651,5.8393683,-1.7457473,43.51178,8,64,0,0
.22932486,6.5429559,6.3727355,55.981434,8,64,0,0
.22996935,6.8698697,4.9964218,61.21138,8,64,0,0
.23057535,7.2813454,5.9895711,64.921188,8,64,0,0
.23111394,7.8536654,7.8600864,71.182587,9,81,0,0
.23161373,8.2112446,4.5530133,76.536987,9,81,0,0
.013577363,7.6111493,-3.5991321,42.106758,3,9,0,16
.013614796,7.6515079,.53025383,41.902798,3,9,0,0
.034174249,7.146915,-6.5946827,42.886261,3,9,0,0
.022783766,7.4806852,4.6701274,42.093651,3,9,0,15.1
.026036389,8.3050976,11.020544,43.686234,6,36,0,14.5
.037361205,8.7988787,5.9455228,44.882492,6,36,0,5
.056093652,9.2818069,5.4885092,47.819324,6,36,0,5
.083420478,10.017655,7.9278622,50.850151,6,36,0,2
.12701234,10.912732,8.9349985,54.788826,6,36,0,2
.18500797,11.599518,6.2934327,56.604134,6,36,0,2
.25590175,12.421013,7.0821457,59.52914,6,36,0,.34999999
.17883225,1.0328788,3.4683497,103.1355,-7,49,0,0
.25799176,1.1278809,9.1977959,79.179459,-7,49,0,2
.34239355,1.1102852,-1.5600721,57.955631,-7,49,0,3.2
.45029587,1.1347493,2.2034044,54.779774,-7,49,0,3.2
.55729431,.97954601,-13.677312,62.088131,-7,49,0,1.6
.65809554,.62510204,-36.184513,101.25188,-6,36,0,0
.70775396,.96657711,54.627083,43.279446,-6,36,0,0
.68098539,.92858255,-3.9308362,40.213425,-6,36,0,0
.66180634,.89755607,-3.3412654,47.669327,-6,36,0,3
.63997483,.93056667,3.6778214,40.0844,-6,36,0,6
.59852195,.95720249,2.86233,39.112709,-6,36,0,1
.59976685,.99415851,3.8608341,26.984762,-4,16,0,2
.5992111,1.0389864,4.5091391,30.669455,-4,16,0,1
.57620519,1.1074737,6.591732,32.257301,-4,16,0,.80000001
.58483881,1.0576168,-4.5018539,30.753502,-3,9,0,0
.48908707,1.0767429,1.8084093,36.097351,-3,9,0,0
.36070433,1.1157169,3.6196196,37.424793,-3,9,0,0
.28613862,1.1213441,.50436234,43.287773,-3,9,0,0
.25330019,1.8528298,-3.9569855,64.44902,-1,1,0,0
.24622013,1.8269361,-1.3975205,65.35054,-1,1,0,.1
.23949577,1.7841538,-2.3417501,63.025505,-1,1,0,0
.23307163,1.7406576,-2.4379199,62.094593,-1,1,0,.104
.2761136,1.6921489,1.5929548,59.638302,-1,1,0,0
.26885441,1.6839527,-.48436928,64.820068,-1,1,0,.142
.26182789,1.6969894,.774176,63.019432,-1,1,0,0
.33117747,1.7174741,3.1033387,66.324341,-1,1,0,.36300001
.24193142,1.7407068,1.3527192,69.320999,-1,1,0,0
.23565196,1.732115,-.49357644,68.227753,8,64,0,.054000001
.20200351,1.7646792,1.8800262,66.20533,8,64,0,.090000004
.14908862,1.7648695,.010779186,66.730125,8,64,0,0
.17433095,1.7900882,1.4289225,69.952026,8,64,0,.039999999
.11681905,1.8536756,3.5522015,67.640053,8,64,0,0
.13805506,1.8690149,.82750541,69.599007,8,64,0,0
.14503153,1.8711016,.11164844,65.787987,8,64,0,0
.12233248,2.9355192,1.1145616,39.69659,-7,49,0,0
.16163042,2.902323,-1.1308422,45.129108,-7,49,0,0
.096724056,2.6160858,-9.8623571,45.010841,-6,36,0,.2
.17289093,2.4129837,-7.7635846,44.258759,-7,49,0,.60000002
.15135297,2.4355257,.93419683,42.000645,-7,49,0,.60000002
.24138835,2.4415703,.24818753,39.607777,-7,49,0,.60000002
.23968831,2.1868544,-10.432465,38.809479,-7,49,0,1
.21561441,1.6145763,-26.169004,39.069679,4,16,0,.27399999
.25467095,1.2989337,-19.549564,41.508842,0,0,0,.41299999
.28515497,1.260772,-2.9379265,37.673878,0,0,0,2.063
.33175203,1.1543272,-8.4428244,36.467888,0,0,0,8.25
.34344673,1.1714268,1.4813435,55.451687,0,0,0,.212
.34813496,1.5455441,31.936901,43.650211,2,4,0,0
.34864789,1.6093659,4.1294074,45.182632,5,25,0,0
.34784266,1.5758523,-2.082417,58.192287,5,25,0,0
.35801214,1.6372653,3.8971384,55.430347,5,25,0,0
.32778221,1.6996912,3.8128078,55.078274,5,25,0,0
.33192033,1.7633058,3.7427154,48.994644,5,25,0,0
.24166264,35.423725,9.7145786,342.17957,-2,4,0,0
.2394636,32.866486,-7.2190142,345.84729,-2,4,0,0
.24302518,33.432117,1.7210025,356.89853,-2,4,0,0
.47999614,32.9804,-1.3511522,399.21722,-2,4,0,0
.46884525,36.570381,10.885204,426.72281,-2,4,0,0
.22720043,38.441257,5.115829,446.0643,-2,4,0,0
.21793139,41.150528,7.0478158,456.56149,-2,4,0,0
.99102032,24.303772,6.335247,133.70403,10,100,0,0
.29776868,.71591944,3.1222241,2.6421165,-7,49,0,11.667
.30109942,.70961308,-.88086784,2.5684583,-7,49,0,11.667
.15346004,.70923442,-.053362098,1.0860225,0,0,0,0
.15684712,.66144562,-6.7380848,1.5123723,0,0,0,0
.15943839,.66463119,.48160499,1.6584711,0,0,0,0
.08009661,.51201862,-22.96199,1.9037282,0,0,0,0
.15872794,.50100446,-2.1511302,1.9680526,0,0,0,.5
.25908613,.5048117,.75992024,1.9748172,0,0,0,0
.25169465,.47800347,-5.3105388,2.0256238,0,0,0,0
.18283701,.47474283,-.68213701,2.007978,0,0,0,0
.35435486,.47743109,.56625706,2.0027986,0,0,0,0
.27501726,.47971237,.47782537,2.0121331,0,0,0,0
.2668775,.48079792,.22629131,2.0076361,0,0,0,0
.25904837,.48064244,-.03234224,2.0075221,0,0,0,0
.30172896,.47406018,-1.3694657,2.0090971,0,0,0,0
.34161359,.47090501,-.66556847,2.008085,0,0,0,0
.35522309,.46606988,-1.0267689,2.0082347,0,0,0,0
.36798835,.46347645,-.55645299,2.0084724,0,0,0,.54699999
.092329547,7.9438167,1.4980713,40.266956,4,16,0,0
.097403198,7.9150505,-.36212409,38.402527,5,25,0,0
.09754362,7.7305832,-2.3305893,38.517498,5,25,0,0
.10122015,7.512733,-2.8180296,40.984016,6,36,0,0
.10092244,7.5419664,.38911739,43.529026,8,64,0,0
.10719705,7.5810471,.51817447,46.139866,9,81,0,0
.11607072,7.675878,1.2508936,51.086666,9,81,0,0
.1290869,7.8479557,2.2418022,53.22224,9,81,0,0
.14730124,7.9687705,1.5394449,54.504711,9,81,0,0
.17673792,7.9633994,-.067400567,55.203491,9,81,0,0
.20011434,8.1521387,2.3700831,51.453461,9,81,0,0
.23767713,8.440856,3.5416169,52.513313,9,81,0,0
.27626982,8.6389341,2.3466654,51.47213,9,81,0,0
.32933107,8.7744617,1.5687958,51.581638,9,81,0,0
.36953589,8.9089403,1.5326122,52.135593,9,81,0,0
.3866694,9.1873999,3.1256099,54.247772,9,81,0,0
.37100729,9.6097736,4.597321,56.086994,9,81,0,0
.40411144,9.9786444,3.8384995,60.103088,9,81,0,0
.084464811,18.596655,7.4231186,64.191017,8,64,0,0
.083994791,19.093622,2.672358,59.988415,8,64,0,0
.083578847,20.172211,5.6489406,64.538406,8,64,0,0
.2070522,22.048393,3.3669252,82.81076,8,64,0,0
.20637278,22.972607,4.1917572,88.704643,8,64,0,0
.070810586,18.431042,5.1680913,26.803886,10,100,0,0
.092452183,19.111879,3.6939704,27.621349,10,100,0,0
.13822141,19.524847,2.1607928,29.493977,10,100,0,.046
.19903341,19.583473,.30026793,31.470924,10,100,0,.026000001
.26466504,19.089037,-2.5247633,32.55257,10,100,0,0
.32498032,19.550682,2.4183702,36.198021,10,100,0,0
.22797421,20.162605,3.1299438,38.610344,10,100,0,0
.18695177,20.635553,2.3456619,41.286018,10,100,0,0
.10070215,21.445004,3.9226024,45.284836,10,100,0,0
.12523091,22.558241,5.1911225,47.806137,10,100,0,0
.14901945,23.754654,5.3036675,50.07056,10,100,0,0
.14734611,24.945095,5.0114083,52.610535,10,100,0,0
.13070646,25.826143,3.531944,52.922485,10,100,0,0
.10951208,26.485615,2.5535052,52.995136,10,100,0,0
.093695141,27.295237,3.0568328,53.884632,10,100,0,0
.087561332,28.144325,3.1107628,55.841148,10,100,0,0
.095202602,29.150459,3.5749063,56.692059,10,100,0,0
.10249796,30.289122,3.9061551,58.212776,10,100,0,0
.062661275,1.0461394,7.552412,30.183933,-7,49,0,4.1110001
.078655124,.95578557,-8.636878,29.332172,-7,49,0,4.1110001
.098718911,.98990029,3.5692861,27.421539,-7,49,0,4.112
.14013864,1.0251391,3.5598261,28.984158,-7,49,0,2
.18737416,1.0352621,.98748702,29.787815,-7,49,0,.5
.23996054,.99728626,-3.6682389,36.903187,-7,49,0,.5
.30504015,1.0728641,7.5783401,24.075319,-7,49,0,1
.34689754,1.2437937,15.932096,20.156624,-7,49,0,2
.35904926,1.3030441,4.7636762,20.043165,-7,49,0,1.286
.39437148,1.3574337,4.1740503,21.073019,-7,49,0,2.8280001
.40695617,1.4139904,4.1664343,20.637213,-7,49,0,1.053
.44035494,1.5464535,9.3680429,25.652281,-7,49,0,2.1500001
.43162563,1.5609668,.93848991,30.373922,-7,49,0,2.8340001
.44345063,1.511224,-3.1866679,47.128506,-6,36,0,2.0209999
.45451549,1.5739967,4.1537662,41.13047,-6,36,0,2.375
.46457925,1.8437107,17.135612,48.051174,-6,36,0,.60299999
.45462748,1.959821,6.2976437,45.433834,-4,16,0,0
.46315342,2.1024115,7.275692,44.872486,-4,16,0,0
2.4854169,9.9241619,-.49182501,55.720581,,,0,0
1.23412,9.1485577,-7.8153224,47.597553,,,0,0
1.2265303,9.6280632,5.2413287,33.199574,,,0,0
.81281579,9.3897114,-2.4755964,22.716606,,,0,0
.80753654,8.3931885,-10.612918,221.47679,,,0,0
.60110164,7.4347801,-11.418885,207.81975,,,0,0
.47667283,7.6737857,3.2146933,169.91116,,,0,0
.33715943,8.4842863,10.561938,131.52328,,,0,0
.29199332,9.2606163,9.1502104,112.4948,,,0,0
.23126039,9.619978,3.8805342,86.342445,,,0,0
.20829545,7.3513722,-23.58223,118.27655,,,0,0
.34955978,7.4903865,1.8909966,118.16799,,,0,0
.30064902,7.8765316,5.1552143,143.93314,,,0,0
.26342294,7.892396,.20140927,92.438995,,,0,0
.23413719,8.4278421,6.7843246,106.7924,,,0,0
.21048583,8.6370564,2.4824305,130.41418,,,0,0
.19099864,9.1967869,6.4805593,109.74168,,,0,0
.14430013,5.7764115,2.796253,176.68961,-10,100,0,0
.15734237,6.242631,8.0710859,155.57364,-10,100,0,0
.12066944,5.803647,-3.7420697,172.96457,-10,100,0,0
.12138189,5.9413948,3.3170671,162.96634,-9,81,0,0
.1262497,6.2331648,4.9107971,164.05998,-9,81,0,0
.14660405,6.3298855,1.5517124,165.43825,-9,81,0,0
.16900167,6.2209187,-1.7214715,169.40613,-9,81,0,0
.19537023,6.2697315,.78466535,179.57912,-9,81,0,0
.23458008,6.5603552,4.6353374,161.77338,-9,81,0,0
.27414885,6.5872607,.41012999,173.83754,-9,81,0,0
.32250601,6.4578247,-1.9649427,196.82303,-9,81,0,0
.37406105,6.77987,4.986896,177.51585,-9,81,0,0
.37067261,7.0324392,3.7252834,158.88252,-9,81,0,0
.33491415,6.9443269,-1.2529455,183.50064,-9,81,0,0
.33501866,7.0940003,2.15534,169.21758,-9,81,0,0
.3338587,7.3196759,3.1812119,147.01901,-9,81,0,0
.11683608,23.461245,2.5536835,53.119373,10,100,0,0
.23208857,23.454372,-.029288674,53.304413,10,100,0,0
.23073372,22.946638,-2.1647739,52.331139,10,100,0,0
.22939463,22.480078,-2.0332379,54.122276,10,100,0,0
.11081512,29.616674,4.100914,87.146431,10,100,0,0
.11012603,30.657459,3.5141866,89.7285,10,100,0,0
.10931242,31.978777,4.3099399,93.2388,10,100,0,0
.18623361,32.159237,3.7237465,61.203205,10,100,0,0
.14705881,33.074013,2.844522,60.645336,10,100,0,0
.29090908,32.205978,-2.6245167,60.90659,10,100,0,0
.28826749,31.678257,-1.6385843,61.507732,10,100,0,0
.28595939,31.328527,-1.1040065,62.102444,10,100,0,0
.34086069,31.697851,1.178874,63.617912,10,100,0,0
.28272545,31.729538,.099966757,64.510574,10,100,0,0
.1175696,31.735863,.019933755,66.768898,10,100,0,0
.11599492,33.408752,.33879772,77.051849,10,100,0,0
.11526354,34.414063,3.0091145,83.006142,10,100,0,0
.11439509,34.526688,.32726574,83.356033,10,100,0,0
.11354928,34.400162,-.36646378,82.63179,10,100,0,0
.11277138,34.038139,-1.0523709,83.323479,10,100,0,0
.11205085,34.753258,2.1009309,87.317192,10,100,0,0
.11134963,35.444138,1.9879522,91.118179,10,100,0,0
.11037415,36.509739,3.0064251,95.521805,10,100,0,0
.16200012,1.5682346,17.347618,109.68009,-1,1,0,0
.16010326,1.9017876,21.269331,138.17381,-1,1,0,0
.15828262,2.005461,5.4513688,106.11989,-1,1,0,0
.15647882,2.1202838,5.7255054,108.02758,-1,1,0,0
.1546222,2.3876009,12.607599,119.02068,-3,9,0,0
.15266679,2.5030866,4.836906,138.68535,-3,9,0,0
.37651527,2.6275783,4.9735274,142.95729,-3,9,0,0
.2472768,2.6003237,-1.0372525,192.84627,-3,9,0,0
.14709207,.59187299,-1.5039101,34.984673,-6,36,0,0
.16563961,.5782963,-2.293839,41.678867,-6,36,0,0
.18950202,.6424824,11.099168,36.275211,-6,36,0,0
.21211138,.68609995,6.7889042,41.607048,-5,25,0,0
.2376323,.63939518,-6.8072767,50.354084,-5,25,0,0
.26663586,.63024181,-1.4315751,49.142399,-5,25,0,0
.29952314,.63159245,.21431026,54.753628,-1,1,0,0
.33447462,.63531357,.58916295,49.659752,-1,1,0,0
.37288898,.64300221,1.2102051,46.400856,-1,1,0,0
.40641993,.65286428,1.5337584,55.322922,-1,1,0,0
.45771134,.66221315,1.4319702,52.343826,-1,1,0,0
.45270228,.68080741,2.8079054,50.667347,-1,1,0,0
.49549353,.70444679,3.4722507,46.290565,-1,1,0,0
.49001375,.74014521,5.0675826,48.298126,-1,1,0,0
.49220264,.77756321,5.055501,50.232727,-1,1,0,0
.48729306,.81703341,5.0761371,51.212887,-1,1,0,0
.44249588,.85944247,5.1906123,52.143051,-1,1,0,0
.38295925,.89526999,4.1687031,50.18716,-1,1,0,0
.018419148,4.7776117,9.7087412,87.047646,3,9,0,0
.027905226,5.4056664,13.14579,90.502785,3,9,0,0
.051963449,5.8065162,7.4153552,94.475891,-1,1,0,0
.088021748,6.2282767,7.2635818,96.625198,9,81,0,0
.13395461,6.6084504,6.1039872,101.68161,9,81,0,0
.20695752,7.0612712,6.8521485,107.44195,9,81,0,0
.27830786,7.4478874,5.4751682,118.59412,9,81,0,0
.36545902,7.7101488,3.5212905,110.15111,9,81,0,0
.42874932,7.5052657,-2.6573203,108.36536,9,81,0,0
.50799751,6.707449,-10.630099,111.59363,9,81,0,0
.58609104,6.9634848,3.8171911,116.79288,9,81,0,0
.63445848,7.0584078,1.363151,139.29517,9,81,0,0
.65869915,7.2843757,3.2014019,127.50983,9,81,0,0
.67603987,7.540987,3.5227604,137.88171,9,81,0,0
.57540095,8.0014315,6.105895,138.82002,9,81,0,.027000001
.46558696,8.3825645,4.7633095,146.51079,9,81,0,.5
.46159983,8.6664143,3.3861885,149.50453,9,81,0,.57999998
.33570194,9.0694551,4.6506109,149.74503,-5,25,0,.278
.18034323,1.1371821,1.0422937,64.232574,-7,49,0,0
.11176429,1.1836098,4.0827007,56.676743,-7,49,0,0
.15997875,1.1544269,-2.4655957,53.163048,-5,25,0,0
.12270099,1.0778908,-6.6298003,44.979382,-3,9,0,0
.13163309,.93896931,-12.888265,37.328312,-2,4,0,0
.1476284,1.0215744,8.7974167,46.941662,-2,4,0,0
.17514974,1.0255824,.39234486,52.034275,-2,4,0,0
.21242237,1.0573792,3.100373,56.68327,-2,4,0,0
.24978881,1.0473738,-.94625348,55.726559,-2,4,0,0
.28197873,.99284619,-5.2061262,64.696892,-2,4,0,0
.32389182,.99323624,.039289102,58.591282,-2,4,0,0
.35865119,.98350978,-.97927886,62.393059,-2,4,0,0
.39796251,.89737093,-8.7583075,67.735252,-2,4,0,0
.42565304,.84752476,-5.5546851,72.279572,-2,4,0,0
.43602821,.88112152,3.9641011,83.558655,-2,4,0,0
.40544721,.87936759,-.19905907,80.762856,-2,4,0,0
.42544317,.88878107,1.0704801,79.026604,-4,16,0,0
.4190419,.87935871,-1.0601448,81.960899,-4,16,0,0
.40864262,8.9638863,.92744344,115.45403,9,81,0,0
.27045256,9.4328585,5.2317834,119.73306,9,81,0,.029999999
.16101025,9.4363451,.03696312,142.61253,9,81,0,0
.13311194,9.6743584,2.5223055,127.06687,9,81,0,0
.1981708,8.7347116,-9.7127533,153.07207,9,81,0,0
.15747933,9.727129,11.361759,135.13562,9,81,0,0
.32450297,11.059177,8.9006252,126.9055,9,81,0,0
.29816881,11.307511,2.2455029,154.46999,10,100,0,0
.27570635,12.166552,7.5970659,146.27017,10,100,0,0
.54715085,15.298763,16.306477,148.86293,10,100,0,0
.5452047,15.603744,1.9934897,151.13647,10,100,0,0
.54333222,16.164343,3.592732,134.96236,10,100,0,0
.50538015,18.986576,17.45962,118.84396,10,100,0,0
.50184482,21.403017,8.1957092,107.97521,10,100,0,0
.21150815,7.0002623,3.4384484,109.99698,-3,9,0,0
.20912845,7.3669901,5.2387757,107.28554,-3,9,0,0
.1006806,8.3552704,4.7450728,105.04984,-4,16,0,0
.19942167,8.836648,5.7613688,104.45393,-4,16,0,0
.19747041,9.2882977,5.1110935,99.738739,-4,16,0,0
.19559138,9.6122885,3.4881532,101.01503,-4,16,0,0
.23320477,.70440263,4.0210943,31.305367,-7,49,0,1
.26625881,.74010074,5.0678577,27.076187,-7,49,0,0
.30502209,.75933665,2.5990922,25.629551,-7,49,0,1
.34191513,.76489264,.73169065,24.000021,-7,49,0,0
.38531092,.80011046,4.6042848,22.456791,-4,16,0,0
.43899199,.93586576,16.967068,26.798239,-4,16,0,.25
.45235002,.90407425,-3.3970125,33.820412,-4,16,0,.25
.50622433,.95117015,5.2092924,39.922234,-4,16,0,.5
.52660924,.98878384,3.954457,33.091629,-4,16,0,.25
.55053437,1.0197737,3.1341472,34.273109,-4,16,0,.80000001
.57180417,1.0706997,4.9938517,32.25951,-4,16,0,0
.59644157,1.0937347,2.1513984,30.59276,-4,16,0,0
.61694992,1.1134011,1.7980865,33.307892,-4,16,0,.28299999
.58741862,1.1405885,2.4418402,33.825089,-4,16,0,1.0319999
.5489096,1.1512331,.93324429,34.46949,-4,16,0,.62400001
.50402713,1.1594914,.71735835,38.070858,-4,16,0,1.624
.49289408,1.1672586,.66988081,42.758465,-1,1,0,.76999998
.46122482,1.1687804,.13036917,48.854095,-1,1,0,.292
.039171759,5.7227983,-9.8644562,78.691109,7,49,0,0
.032941911,5.2281322,-8.6437798,101.18587,7,49,0,0
.039885178,5.1605029,-1.2935647,98.253494,7,49,0,0
.043618288,5.1823745,.42382333,100.22542,7,49,0,0
.069720641,5.3335891,2.9178612,89.336029,7,49,0,0
.10270343,5.6436529,5.813417,104.32101,6,36,0,0
.14061052,6.1758952,9.4308109,100.70806,6,36,0,0
.15971328,6.6215277,7.2156825,100.16072,6,36,0,0
.17831936,7.2582974,9.6166515,104.07451,6,36,0,0
.18398555,8.2532873,13.708318,109.41079,6,36,0,0
.22797991,8.5625582,3.7472494,102.11914,6,36,0,0
.25532499,9.1950321,7.3864975,96.345787,7,49,0,0
.17467985,21.73283,2.2178373,36.049271,10,100,0,.075000003
.17414048,21.742496,.044468954,36.968426,10,100,0,.081
.1736702,21.300262,-2.033957,36.808529,10,100,0,.096000001
.17325433,21.313606,.062643491,38.700966,10,100,0,0
.17281382,21.754496,2.0685856,39.262115,10,100,0,0
.17235723,22.63538,4.049201,40.438393,10,100,0,0
.17191893,23.183746,2.4226108,42.299828,10,100,0,0
.085738353,23.802788,2.6701558,44.886082,10,100,0,0
.085488878,24.554949,3.1599696,47.239594,10,100,0,0
.034081731,25.455591,3.6678646,48.083778,10,100,0,.055
.016980086,26.14654,2.7143257,49.354378,10,100,0,0
.016917985,27.03183,3.385886,51.88995,10,100,0,0
.016855543,27.598919,2.0978513,52.60812,10,100,0,0
.016787319,28.081741,1.7494332,53.11047,10,100,0,0
.04175026,28.979473,3.1968443,52.247639,10,100,0,0
.041509982,29.880177,3.1080725,53.443676,10,100,0,0
.041250791,30.275795,1.3240175,56.602524,10,100,0,0
.040982708,31.14208,2.8613145,60.382492,10,100,0,0
.13620539,30.860355,2.5927181,15.765859,10,100,0,0
.15811464,30.993877,.43266016,16.467983,10,100,0,0
.20791587,30.411617,-1.878629,17.045197,10,100,0,0
.26290241,31.109301,2.2941358,17.569149,10,100,0,0
.31670505,31.697069,1.8893644,18.045668,10,100,0,0
.36928824,32.79818,3.4738634,19.015383,10,100,0,0
.23509556,33.293831,1.5112108,20.18257,10,100,0,0
.13447909,34.286827,2.982527,21.020433,10,100,0,0
.10875317,35.615601,3.8754656,22.532219,10,100,0,0
.10751147,36.850155,3.4663267,23.086557,10,100,0,0
.10040374,38.162312,3.5607915,23.848783,10,100,0,0
.099376149,39.241009,2.8265984,25.534678,10,100,0,0
.10420719,38.935284,-.77909285,24.544411,10,100,0,12.377
.10328872,39.056213,.31058854,24.522018,10,100,0,.87699997
.10232203,39.703022,1.6561044,24.618814,10,100,0,0
.10701959,40.908958,3.0373764,26.184704,10,100,0,.31999999
.11715285,41.870411,2.3502336,26.933146,10,100,0,.1
.12156536,42.683365,1.9415921,27.961403,10,100,0,.191
.32200322,8.5871992,-.056887981,34.705288,10,100,0,0
.31982133,8.5517387,-.41294998,36.163528,10,100,0,0
.3175934,8.8731613,3.758568,38.924679,10,100,0,0
.31532779,9.7226248,9.5734081,40.485252,10,100,0,0
.31303725,10.025964,3.1199265,43.817791,10,100,0,0
.15536667,10.729008,7.0122313,47.795769,10,100,0,0
.30906656,10.528344,-1.8702921,46.922131,10,100,0,0
.30710816,11.043602,4.894012,49.455826,10,100,0,0
.20363837,11.558474,4.6621675,53.183624,10,100,0,0
.20270701,12.096579,4.655498,52.420368,10,100,0,0
.50492084,11.702433,-3.2583168,50.441166,10,100,0,0
.3778311,11.426366,-2.3590529,52.785431,10,100,0,0
.37781164,10.953676,-4.1368413,50.613789,10,100,0,0
.15135281,9.4011135,-14.173893,47.036041,10,100,0,0
.30287135,9.5998344,2.1138015,48.302032,10,100,0,0
.30250567,10.636107,10.7947,55.191029,10,100,0,0
.30170774,11.156951,4.8969393,59.523979,10,100,0,0
.25070903,12.086782,8.3340864,61.49287,10,100,0,0
.077326402,1.6258173,3.5999835,68.160713,-9,81,0,0
.076431066,1.745397,7.3550577,73.758575,-9,81,0,.046999998
.075512156,1.8477359,5.8633523,69.631927,-9,81,0,0
.18609637,1.9450557,5.2669806,74.824333,-9,81,0,0
.029583126,1.484028,4.9142532,56.770355,-7,49,0,0
.028989822,1.5613409,5.2096677,59.831451,-7,49,0,0
.05685994,1.6551774,6.0099878,66.013756,-7,49,0,0
.13951041,1.6967322,2.5105958,61.415096,-7,49,0,0
.068511926,1.7568089,3.5407271,74.410736,-7,49,0,0
.13458949,1.8829799,7.1818352,72.134277,-7,49,0,0
.13252054,2.0293181,7.7716303,87.841103,-7,49,0,0
.10454783,2.1573169,6.3074698,90.657951,-7,49,0,0
.16125911,2.232085,3.4657977,95.439529,-7,49,0,0
.16315581,2.3017232,3.1198668,102.57171,-7,49,0,0
.23299418,2.4074438,4.5931149,111.88354,-7,49,0,0
.22263362,2.5175698,4.5743942,112.0645,-7,49,0,0
.237323,2.6141877,3.8377402,121.79053,-7,49,0,0
.31695068,2.7427447,4.9176688,130.89822,-7,49,0,0
.40911457,2.9614522,7.9740353,141.24429,-7,49,0,0
.47541621,3.2563307,9.9572344,142.6032,-7,49,0,0
.56367868,3.4772353,6.7838483,151.29733,-7,49,0,0
.26364356,,,,-5,25,0,0
.26330909,,,,-5,25,0,0
.26156017,,,,-5,25,0,.063000001
.25976366,,,,-5,25,0,0
.25857702,,,,-7,49,0,0
.25843176,,,,-7,49,0,0
.12972055,,,,-7,49,0,0
.13439471,,,,6,36,0,0
.13492419,7.2441344,,80.006241,6,36,0,0
.13547236,,,,6,36,0,0
.095452212,1.4272182,-8.5279093,18.364519,-9,81,0,0
.11165578,1.3685459,-4.1109476,17.362385,-9,81,0,0
.13329871,1.2791816,-6.5298696,16.598055,6,36,0,0
.16236579,1.2113638,-5.3016605,17.754045,6,36,0,0
.19267222,1.2066387,-.39006156,16.964937,6,36,0,0
.23852979,1.1194651,-7.2244973,19.750109,6,36,0,0
.28595117,1.0510067,-6.1152797,20.115767,6,36,0,0
.33790451,1.0298022,-2.0175388,20.184155,1,1,0,0
.3841798,1.0399421,.98464751,21.753109,1,1,0,0
.4236393,1.0270584,-1.2388927,22.545586,1,1,0,0
.45682216,1.036309,.90068412,22.569038,1,1,0,0
.47489381,1.0384907,.21052259,18.210167,1,1,0,0
.49631181,.98717755,-4.9411182,21.549841,5,25,0,0
.49927476,1.0672907,8.1153708,17.159906,5,25,0,0
.47010735,1.1254351,5.4478521,14.784153,5,25,0,0
.43560392,1.7602206,56.403568,58.309731,5,25,0,0
.39329147,1.7917315,1.790163,58.746059,5,25,0,0
.30908147,1.9009806,6.097405,58.884071,5,25,0,0
.12758414,4.658391,13.213361,53.872017,-6,36,0,0
.1447491,4.7351899,1.6486174,56.760872,-6,36,0,0
.15512323,5.2676969,11.24573,61.235691,-6,36,0,0
.17133218,4.1995687,-20.276949,92.562363,-6,36,0,0
.19328529,4.1334949,-1.573356,88.46537,-6,36,0,0
.22056282,4.3542938,5.3417125,95.820686,-6,36,0,0
.24938324,4.5280104,3.9895368,102.36604,-6,36,0,0
.2837474,4.9315057,8.9111032,91.067818,-6,36,0,0
.30878159,5.2102003,5.6513057,101.04499,-6,36,0,0
.36680081,5.2013173,-.17048669,106.84193,-6,36,0,0
.40518403,4.8492675,-6.7684779,117.35009,-3,9,0,0
.45187458,4.5279899,-6.6252785,135.64235,-3,9,0,0
.5099318,4.1279368,-8.8351116,137.41608,-4,16,0,0
.57868624,3.7698092,-8.6757059,145.74026,-4,16,0,0
.6244778,3.0866044,-18.12307,137.7903,-4,16,0,0
.64186418,2.088578,-32.334118,153.96523,-4,16,0,0
.6592685,2.1464329,2.7700567,148.96844,-4,16,0,0
.6827246,2.0151272,-6.1173911,146.50731,-4,16,0,0
